Rule Id;Violation Kind;Violating Unit;Violation Label;First Unit;Second Unit
ADR15;DRIFT;org.apache.flink.types.ByteValue;NoA > 15;none;none
ADR15;DRIFT;org.apache.flink.api.common.typeinfo.TypeHint;NoA > 15;none;none
ADR15;DRIFT;org.apache.flink.api.common.functions.RichJoinFunction;NoA > 15;none;none
ADR15;DRIFT;org.apache.flink.core.memory.DataOutputViewStreamWrapper;NoA > 15;none;none
ADR15;DRIFT;org.apache.flink.api.java.typeutils.runtime.EitherSerializer;NoA > 15;none;none
ADR15;DRIFT;org.apache.flink.api.common.typeutils.base.DateComparator;NoA > 15;none;none
ADR15;DRIFT;org.apache.flink.api.java.tuple.builder.Tuple0Builder;NoA > 15;none;none
ADR15;DRIFT;org.apache.flink.api.common.operators.base.CrossOperatorBase;NoA > 15;none;none
ADR15;DRIFT;org.apache.flink.util.SimpleStringUtils$WhitespaceTokenizer;NoA > 15;none;none
ADR15;DRIFT;org.apache.flink.api.common.typeutils.base.LongValueSerializer;NoA > 15;none;none
ADR15;DRIFT;org.apache.flink.types.parser.ByteParser;NoA > 15;none;none
ADR15;DRIFT;org.apache.flink.core.memory.MemoryUtils;NoA > 15;none;none
ADR15;DRIFT;org.apache.flink.types.parser.ShortParser;NoA > 15;none;none
ADR15;DRIFT;org.apache.flink.api.common.operators.Keys$SelectorFunctionKeys;NoA > 15;none;none
ADR15;DRIFT;org.apache.flink.api.common.typeutils.base.array.StringArraySerializer;NoA > 15;none;none
ADR15;DRIFT;org.apache.flink.types.parser.StringParser;NoA > 15;none;none
ADR15;DRIFT;org.apache.flink.api.common.operators.SingleInputOperator;NoA > 15;none;none
ADR15;DRIFT;org.apache.flink.api.common.io.InputStreamFSInputWrapper;NoA > 15;none;none
ADR15;DRIFT;org.apache.flink.api.java.typeutils.runtime.CopyableValueSerializer;NoA > 15;none;none
ADR15;DRIFT;org.apache.flink.api.common.typeutils.GenericPairComparator;NoA > 15;none;none
ADR15;DRIFT;org.apache.flink.types.parser.StringValueParser;NoA > 15;none;none
ADR15;DRIFT;org.apache.flink.api.common.operators.base.CoGroupOperatorBase;NoA > 15;none;none
ADR15;DRIFT;org.apache.flink.api.common.operators.base.MapPartitionOperatorBase;NoA > 15;none;none
ADR15;DRIFT;org.apache.flink.api.common.typeutils.base.DoubleComparator;NoA > 15;none;none
ADR15;DRIFT;org.apache.flink.api.java.tuple.builder.Tuple25Builder;NoA > 15;none;none
ADR15;DRIFT;org.apache.flink.types.Either;NoA > 15;none;none
ADR15;DRIFT;org.apache.flink.api.common.operators.SemanticProperties$InvalidSemanticAnnotationException;NoA > 15;none;none
ADR15;DRIFT;org.apache.flink.api.common.typeutils.base.ShortSerializer;NoA > 15;none;none
ADR15;DRIFT;org.apache.flink.api.common.typeutils.base.EnumComparator;NoA > 15;none;none
ADR15;DRIFT;org.apache.flink.api.common.functions.util.FunctionUtils;NoA > 15;none;none
ADR15;DRIFT;org.apache.flink.api.common.typeutils.base.LongComparator;NoA > 15;none;none
ADR15;DRIFT;org.apache.flink.api.common.io.DefaultInputSplitAssigner;NoA > 15;none;none
ADR15;DRIFT;org.apache.flink.api.java.tuple.builder.Tuple8Builder;NoA > 15;none;none
ADR15;DRIFT;org.apache.flink.api.common.accumulators.IntCounter;NoA > 15;none;none
ADR15;DRIFT;org.apache.flink.api.common.operators.DualInputOperator;NoA > 15;none;none
ADR15;DRIFT;org.apache.flink.api.java.tuple.builder.Tuple4Builder;NoA > 15;none;none
ADR15;DRIFT;org.apache.flink.api.java.typeutils.PojoTypeInfo$PojoTypeComparatorBuilder;NoA > 15;none;none
ADR15;DRIFT;org.apache.flink.api.common.typeutils.base.array.IntPrimitiveArraySerializer;NoA > 15;none;none
ADR15;DRIFT;org.apache.flink.api.common.restartstrategy.RestartStrategies$FixedDelayRestartStrategyConfiguration;NoA > 15;none;none
ADR15;DRIFT;org.apache.flink.api.common.io.BinaryInputFormat$BlockBasedInput;NoA > 15;none;none
ADR15;DRIFT;org.apache.flink.api.common.JobID;NoA > 15;none;none
ADR15;DRIFT;org.apache.flink.api.java.tuple.builder.Tuple21Builder;NoA > 15;none;none
ADR15;DRIFT;org.apache.flink.api.common.distributions.CommonRangeBoundaries;NoA > 15;none;none
ADR15;DRIFT;org.apache.flink.api.common.typeutils.base.IntValueSerializer;NoA > 15;none;none
ADR15;DRIFT;org.apache.flink.api.common.aggregators.AggregatorWithName;NoA > 15;none;none
ADR15;DRIFT;org.apache.flink.api.common.operators.base.DeltaIterationBase;NoA > 15;none;none
ADR15;DRIFT;org.apache.flink.api.common.operators.CollectionExecutor$DynamicPathCollector;NoA > 15;none;none
ADR15;DRIFT;org.apache.flink.api.common.typeutils.base.array.ShortPrimitiveArraySerializer;NoA > 15;none;none
ADR15;DRIFT;org.apache.flink.api.common.typeinfo.BasicArrayTypeInfo;NoA > 15;none;none
ADR15;DRIFT;org.apache.flink.api.common.typeutils.base.FloatComparator;NoA > 15;none;none
ADR15;DRIFT;org.apache.flink.types.parser.LongValueParser;NoA > 15;none;none
ADR15;DRIFT;org.apache.flink.types.DeserializationException;NoA > 15;none;none
ADR15;DRIFT;org.apache.flink.api.common.functions.RichGroupReduceFunction;NoA > 15;none;none
ADR15;DRIFT;org.apache.flink.api.java.typeutils.TupleTypeInfo;NoA > 15;none;none
ADR15;DRIFT;org.apache.flink.util.ExceptionUtils;NoA > 15;none;none
ADR15;DRIFT;org.apache.flink.api.common.typeutils.base.array.CharPrimitiveArrayComparator;NoA > 15;none;none
ADR15;DRIFT;org.apache.flink.api.common.io.LocatableInputSplitAssigner;NoA > 15;none;none
ADR15;DRIFT;org.apache.flink.api.java.tuple.builder.Tuple14Builder;NoA > 15;none;none
ADR15;DRIFT;org.apache.flink.api.common.functions.RichFoldFunction;NoA > 15;none;none
ADR15;DRIFT;org.apache.flink.api.java.tuple.builder.Tuple13Builder;NoA > 15;none;none
ADR15;DRIFT;org.apache.flink.types.MapValue;NoA > 15;none;none
ADR15;DRIFT;org.apache.flink.api.java.typeutils.runtime.ValueSerializer;NoA > 15;none;none
ADR15;DRIFT;org.apache.flink.api.common.operators.Keys$ExpressionKeys;NoA > 15;none;none
ADR15;DRIFT;org.apache.flink.api.common.typeutils.base.FloatValueSerializer;NoA > 15;none;none
ADR15;DRIFT;org.apache.flink.core.fs.local.LocalDataOutputStream;NoA > 15;none;none
ADR15;DRIFT;org.apache.flink.api.common.typeutils.base.ByteComparator;NoA > 15;none;none
ADR15;DRIFT;org.apache.flink.util.StringUtils;NoA > 15;none;none
ADR15;DRIFT;org.apache.flink.api.java.typeutils.PojoTypeInfo$NamedFlatFieldDescriptor;NoA > 15;none;none
ADR15;DRIFT;org.apache.flink.api.common.io.FileInputFormat$FileBaseStatistics;NoA > 15;none;none
ADR15;DRIFT;org.apache.flink.types.parser.ShortValueParser;NoA > 15;none;none
ADR15;DRIFT;org.apache.flink.core.fs.FileSystem;NoA > 15;none;none
ADR15;DRIFT;org.apache.flink.api.common.aggregators.DoubleZeroConvergence;NoA > 15;none;none
ADR15;DRIFT;org.apache.flink.api.common.typeutils.TypePairComparator;NoA > 15;none;none
ADR15;DRIFT;org.apache.flink.api.java.typeutils.runtime.kryo.Serializers$SpecificInstanceCollectionSerializer;NoA > 15;none;none
ADR15;DRIFT;org.apache.flink.api.common.accumulators.DoubleCounter;NoA > 15;none;none
ADR15;DRIFT;org.apache.flink.api.common.operators.Ordering;NoA > 15;none;none
ADR15;DRIFT;org.apache.flink.api.common.functions.util.NoOpFunction;NoA > 15;none;none
ADR15;DRIFT;org.apache.flink.core.fs.FileInputSplit;NoA > 15;none;none
ADR15;DRIFT;org.apache.flink.api.common.typeutils.base.array.DoublePrimitiveArraySerializer;NoA > 15;none;none
ADR15;DRIFT;org.apache.flink.api.common.functions.util.RuntimeUDFContext;NoA > 15;none;none
ADR15;DRIFT;org.apache.flink.api.java.typeutils.runtime.TupleSerializer;NoA > 15;none;none
ADR15;DRIFT;org.apache.flink.api.java.typeutils.runtime.GenericTypeComparator;NoA > 15;none;none
ADR15;DRIFT;org.apache.flink.api.java.typeutils.runtime.RuntimePairComparatorFactory;NoA > 15;none;none
ADR15;DRIFT;org.apache.flink.api.common.operators.DualInputSemanticProperties;NoA > 15;none;none
ADR15;DRIFT;org.apache.flink.api.java.typeutils.TypeInfoParser;NoA > 15;none;none
ADR15;DRIFT;org.apache.flink.api.common.operators.util.JoinHashMap$Prober;NoA > 15;none;none
ADR15;DRIFT;org.apache.flink.core.fs.local.LocalBlockLocation;NoA > 15;none;none
ADR15;DRIFT;org.apache.flink.types.parser.LongParser;NoA > 15;none;none
ADR15;DRIFT;org.apache.flink.api.common.typeutils.base.IntComparator;NoA > 15;none;none
ADR15;DRIFT;org.apache.flink.core.fs.local.LocalFileStatus;NoA > 15;none;none
ADR15;DRIFT;org.apache.flink.core.memory.HybridMemorySegment$HybridMemorySegmentFactory;NoA > 15;none;none
ADR15;DRIFT;org.apache.flink.api.common.io.SerializedOutputFormat;NoA > 15;none;none
ADR15;DRIFT;org.apache.flink.api.java.typeutils.runtime.AvroSerializer;NoA > 15;none;none
ADR15;DRIFT;org.apache.flink.types.CharValue;NoA > 15;none;none
ADR15;DRIFT;org.apache.flink.api.java.typeutils.runtime.DataOutputEncoder;NoA > 15;none;none
ADR15;DRIFT;org.apache.flink.api.common.functions.AbstractRichFunction;NoA > 15;none;none
ADR15;DRIFT;org.apache.flink.types.BooleanValue;NoA > 15;none;none
ADR15;DRIFT;org.apache.flink.api.common.typeutils.base.array.BytePrimitiveArrayComparator;NoA > 15;none;none
ADR15;DRIFT;org.apache.flink.api.common.typeutils.base.array.BytePrimitiveArraySerializer;NoA > 15;none;none
ADR15;DRIFT;org.apache.flink.api.java.typeutils.runtime.TupleComparatorBase;NoA > 15;none;none
ADR15;DRIFT;org.apache.flink.util.NetUtils;NoA > 15;none;none
ADR15;DRIFT;org.apache.flink.api.common.operators.UnaryOperatorInformation;NoA > 15;none;none
ADR15;DRIFT;org.apache.flink.core.fs.FSDataOutputStream;NoA > 15;none;none
ADR15;DRIFT;org.apache.flink.api.java.tuple.builder.Tuple3Builder;NoA > 15;none;none
ADR15;DRIFT;org.apache.flink.api.common.typeutils.TypeSerializer;NoA > 15;none;none
ADR15;DRIFT;org.apache.flink.types.parser.FloatValueParser;NoA > 15;none;none
ADR15;DRIFT;org.apache.flink.api.common.operators.base.MapOperatorBase;NoA > 15;none;none
ADR15;DRIFT;org.apache.flink.api.common.functions.RichGroupCombineFunction;NoA > 15;none;none
ADR15;DRIFT;org.apache.flink.api.common.typeutils.TypeComparator;NoA > 15;none;none
ADR15;DRIFT;org.apache.flink.api.java.typeutils.runtime.NoFetchingInput;NoA > 15;none;none
ADR15;DRIFT;org.apache.flink.api.common.typeinfo.PrimitiveArrayTypeInfo;NoA > 15;none;none
ADR15;DRIFT;org.apache.flink.api.java.typeutils.runtime.TupleSerializerBase;NoA > 15;none;none
ADR15;DRIFT;org.apache.flink.api.java.typeutils.runtime.WritableSerializer;NoA > 15;none;none
ADR15;DRIFT;org.apache.flink.util.TraversableOnceException;NoA > 15;none;none
ADR15;DRIFT;org.apache.flink.api.common.functions.util.CopyingListCollector;NoA > 15;none;none
ADR15;DRIFT;org.apache.flink.api.common.distributions.SimpleIntegerDistribution;NoA > 15;none;none
ADR15;DRIFT;org.apache.flink.api.java.typeutils.TupleTypeInfo$TupleTypeComparatorBuilder;NoA > 15;none;none
ADR15;DRIFT;org.apache.flink.util.InstantiationUtil$ClassLoaderObjectInputStream;NoA > 15;none;none
ADR15;DRIFT;org.apache.flink.api.common.operators.GenericDataSinkBase;NoA > 15;none;none
ADR15;DRIFT;org.apache.flink.types.NullKeyFieldException;NoA > 15;none;none
ADR15;DRIFT;org.apache.flink.api.common.functions.InvalidTypesException;NoA > 15;none;none
ADR15;DRIFT;org.apache.flink.types.Either$Left;NoA > 15;none;none
ADR15;DRIFT;org.apache.flink.types.ListValue;NoA > 15;none;none
ADR15;DRIFT;org.apache.flink.core.memory.MemorySegment;NoA > 15;none;none
ADR15;DRIFT;org.apache.flink.core.memory.MemorySegmentFactory;NoA > 15;none;none
ADR15;DRIFT;org.apache.flink.api.common.functions.util.CopyingIterator;NoA > 15;none;none
ADR15;DRIFT;org.apache.flink.api.common.typeutils.base.GenericArraySerializer;NoA > 15;none;none
ADR15;DRIFT;org.apache.flink.api.java.tuple.builder.Tuple10Builder;NoA > 15;none;none
ADR15;DRIFT;org.apache.flink.api.common.io.BinaryInputFormat;NoA > 15;none;none
ADR15;DRIFT;org.apache.flink.api.java.typeutils.runtime.RuntimeSerializerFactory;NoA > 15;none;none
ADR15;DRIFT;org.apache.flink.api.java.tuple.builder.Tuple15Builder;NoA > 15;none;none
ADR15;DRIFT;org.apache.flink.types.parser.BooleanValueParser;NoA > 15;none;none
ADR15;DRIFT;org.apache.flink.api.common.ExecutionConfig$SerializableSerializer;NoA > 15;none;none
ADR15;DRIFT;org.apache.flink.types.DoubleValue;NoA > 15;none;none
ADR15;DRIFT;org.apache.flink.api.common.io.BinaryInputFormat$SequentialStatistics;NoA > 15;none;none
ADR15;DRIFT;org.apache.flink.util.InstantiationUtil;NoA > 15;none;none
ADR15;DRIFT;org.apache.flink.api.common.typeutils.base.FloatSerializer;NoA > 15;none;none
ADR15;DRIFT;org.apache.flink.api.common.Plan;NoA > 15;none;none
ADR15;DRIFT;org.apache.flink.api.common.state.ListStateDescriptor;NoA > 15;none;none
ADR15;DRIFT;org.apache.flink.api.common.aggregators.DoubleSumAggregator;NoA > 15;none;none
ADR15;DRIFT;org.apache.flink.api.common.typeutils.base.BooleanComparator;NoA > 15;none;none
ADR15;DRIFT;org.apache.flink.api.java.tuple.Tuple14;NoA > 15;none;none
ADR15;DRIFT;org.apache.flink.api.common.typeutils.base.CharSerializer;NoA > 15;none;none
ADR15;DRIFT;org.apache.flink.api.java.tuple.Tuple13;NoA > 15;none;none
ADR15;DRIFT;org.apache.flink.api.java.typeutils.runtime.kryo.KryoSerializer;NoA > 15;none;none
ADR15;DRIFT;org.apache.flink.api.java.typeutils.runtime.ValueComparator;NoA > 15;none;none
ADR15;DRIFT;org.apache.flink.api.common.typeutils.base.CharComparator;NoA > 15;none;none
ADR15;DRIFT;org.apache.flink.api.common.cache.DistributedCache;NoA > 15;none;none
ADR15;DRIFT;org.apache.flink.types.parser.IntParser;NoA > 15;none;none
ADR15;DRIFT;org.apache.flink.api.common.JobExecutionResult;NoA > 15;none;none
ADR15;DRIFT;org.apache.flink.api.java.tuple.builder.Tuple20Builder;NoA > 15;none;none
ADR15;DRIFT;org.apache.flink.util.SerializedValue;NoA > 15;none;none
ADR15;DRIFT;org.apache.flink.api.common.operators.CollectionExecutor$CompletedFuture;NoA > 15;none;none
ADR15;DRIFT;org.apache.flink.api.common.io.ReplicatingInputSplitAssigner;NoA > 15;none;none
ADR15;DRIFT;org.apache.flink.api.common.operators.util.ListKeyGroupedIterator$ValuesIterator;NoA > 15;none;none
ADR15;DRIFT;org.apache.flink.api.common.typeutils.base.EnumSerializer;NoA > 15;none;none
ADR15;DRIFT;org.apache.flink.api.java.tuple.Tuple12;NoA > 15;none;none
ADR15;DRIFT;org.apache.flink.api.java.tuple.Tuple11;NoA > 15;none;none
ADR15;DRIFT;org.apache.flink.api.java.tuple.Tuple10;NoA > 15;none;none
ADR15;DRIFT;org.apache.flink.api.common.functions.RichFlatMapFunction;NoA > 15;none;none
ADR15;DRIFT;org.apache.flink.api.common.aggregators.LongSumAggregator;NoA > 15;none;none
ADR15;DRIFT;org.apache.flink.types.Pair;NoA > 15;none;none
ADR15;DRIFT;org.apache.flink.api.common.accumulators.LongCounter;NoA > 15;none;none
ADR15;DRIFT;org.apache.flink.api.common.io.compression.DeflateInflaterInputStreamFactory;NoA > 15;none;none
ADR15;DRIFT;org.apache.flink.api.common.typeutils.base.DoubleSerializer;NoA > 15;none;none
ADR15;DRIFT;org.apache.flink.api.common.operators.base.ReduceOperatorBase;NoA > 15;none;none
ADR15;DRIFT;org.apache.flink.types.JavaToValueConverter;NoA > 15;none;none
ADR15;DRIFT;org.apache.flink.api.common.restartstrategy.RestartStrategies;NoA > 15;none;none
ADR15;DRIFT;org.apache.flink.api.common.operators.SingleInputSemanticProperties$AllFieldsForwardedProperties;NoA > 15;none;none
ADR15;DRIFT;org.apache.flink.api.java.typeutils.AvroTypeInfo$PojoTypeExtractor;NoA > 15;none;none
ADR15;DRIFT;org.apache.flink.api.java.tuple.builder.Tuple9Builder;NoA > 15;none;none
ADR15;DRIFT;org.apache.flink.api.common.distributions.UniformIntegerDistribution;NoA > 15;none;none
ADR15;DRIFT;org.apache.flink.api.common.typeutils.base.LongSerializer;NoA > 15;none;none
ADR15;DRIFT;org.apache.flink.api.common.JobSubmissionResult;NoA > 15;none;none
ADR15;DRIFT;org.apache.flink.types.NullFieldException;NoA > 15;none;none
ADR15;DRIFT;org.apache.flink.api.common.io.RichInputFormat;NoA > 15;none;none
ADR15;DRIFT;org.apache.flink.api.common.aggregators.LongZeroConvergence;NoA > 15;none;none
ADR15;DRIFT;org.apache.flink.util.XORShiftRandom;NoA > 15;none;none
ADR15;DRIFT;org.apache.flink.api.common.typeutils.base.DoubleValueSerializer;NoA > 15;none;none
ADR15;DRIFT;org.apache.flink.api.common.operators.OperatorInformation;NoA > 15;none;none
ADR15;DRIFT;org.apache.flink.api.common.typeutils.CompositeType;NoA > 15;none;none
ADR15;DRIFT;org.apache.flink.api.common.io.BinaryOutputFormat$BlockBasedOutput;NoA > 15;none;none
ADR15;DRIFT;org.apache.flink.api.common.typeutils.base.array.FloatPrimitiveArraySerializer;NoA > 15;none;none
ADR15;DRIFT;org.apache.flink.api.common.operators.util.FieldList;NoA > 15;none;none
ADR15;DRIFT;org.apache.flink.api.common.typeutils.base.array.ShortPrimitiveArrayComparator;NoA > 15;none;none
ADR15;DRIFT;org.apache.flink.types.parser.FieldParser;NoA > 15;none;none
ADR15;DRIFT;org.apache.flink.api.common.operators.base.CoGroupOperatorBase$CoGroupSortListIterator;NoA > 15;none;none
ADR15;DRIFT;org.apache.flink.api.common.operators.util.UserCodeObjectWrapper;NoA > 15;none;none
ADR15;DRIFT;org.apache.flink.api.common.state.FoldingStateDescriptor;NoA > 15;none;none
ADR15;DRIFT;org.apache.flink.types.Nothing;NoA > 15;none;none
ADR15;DRIFT;org.apache.flink.api.java.typeutils.TupleTypeInfoBase;NoA > 15;none;none
ADR15;DRIFT;org.apache.flink.api.java.tuple.Tuple1;NoA > 15;none;none
ADR15;DRIFT;org.apache.flink.api.java.tuple.Tuple0;NoA > 15;none;none
ADR15;DRIFT;org.apache.flink.api.java.tuple.Tuple3;NoA > 15;none;none
ADR15;DRIFT;org.apache.flink.api.common.state.ReducingStateDescriptor;NoA > 15;none;none
ADR15;DRIFT;org.apache.flink.api.java.tuple.Tuple2;NoA > 15;none;none
ADR15;DRIFT;org.apache.flink.api.java.tuple.Tuple5;NoA > 15;none;none
ADR15;DRIFT;org.apache.flink.api.java.tuple.Tuple4;NoA > 15;none;none
ADR15;DRIFT;org.apache.flink.api.java.tuple.Tuple7;NoA > 15;none;none
ADR15;DRIFT;org.apache.flink.api.java.tuple.Tuple6;NoA > 15;none;none
ADR15;DRIFT;org.apache.flink.api.java.tuple.Tuple9;NoA > 15;none;none
ADR15;DRIFT;org.apache.flink.api.java.tuple.Tuple8;NoA > 15;none;none
ADR15;DRIFT;org.apache.flink.api.common.operators.base.FilterOperatorBase;NoA > 15;none;none
ADR15;DRIFT;org.apache.flink.api.common.PlanExecutor;NoA > 15;none;none
ADR15;DRIFT;org.apache.flink.api.common.functions.RichCrossFunction;NoA > 15;none;none
ADR15;DRIFT;org.apache.flink.api.common.typeutils.base.ByteValueSerializer;NoA > 15;none;none
ADR15;DRIFT;org.apache.flink.util.SplittableIterator;NoA > 15;none;none
ADR15;DRIFT;org.apache.flink.api.common.functions.RichFilterFunction;NoA > 15;none;none
ADR15;DRIFT;org.apache.flink.api.common.operators.Operator;NoA > 15;none;none
ADR15;DRIFT;org.apache.flink.api.common.operators.base.CoGroupRawOperatorBase$SimpleListIterable;NoA > 15;none;none
ADR15;DRIFT;org.apache.flink.api.java.typeutils.ValueTypeInfo;NoA > 15;none;none
ADR15;DRIFT;org.apache.flink.api.common.operators.base.CoGroupRawOperatorBase$SimpleListIterable$SimpleListIterator;NoA > 15;none;none
ADR15;DRIFT;org.apache.flink.api.common.typeutils.base.DateSerializer;NoA > 15;none;none
ADR15;DRIFT;org.apache.flink.api.java.tuple.Tuple;NoA > 15;none;none
ADR15;DRIFT;org.apache.flink.api.common.operators.base.OuterJoinOperatorBase$OuterJoinListIterator;NoA > 15;none;none
ADR15;DRIFT;org.apache.flink.core.memory.HybridMemorySegment;NoA > 15;none;none
ADR15;DRIFT;org.apache.flink.api.common.typeinfo.NumericTypeInfo;NoA > 15;none;none
ADR15;DRIFT;org.apache.flink.api.common.operators.base.BulkIterationBase$TerminationCriterionMapper;NoA > 15;none;none
ADR15;DRIFT;org.apache.flink.api.common.typeutils.base.CharValueSerializer;NoA > 15;none;none
ADR15;DRIFT;org.apache.flink.api.common.io.BlockInfo;NoA > 15;none;none
ADR15;DRIFT;org.apache.flink.api.common.operators.base.BulkIterationBase$TerminationCriterionAggregationConvergence;NoA > 15;none;none
ADR15;DRIFT;org.apache.flink.core.fs.local.LocalDataInputStream;NoA > 15;none;none
ADR15;DRIFT;org.apache.flink.api.common.operators.Keys$IncompatibleKeysException;NoA > 15;none;none
ADR15;DRIFT;org.apache.flink.api.java.typeutils.runtime.KryoUtils;NoA > 15;none;none
ADR15;DRIFT;org.apache.flink.api.java.typeutils.TypeExtractor;NoA > 15;none;none
ADR15;DRIFT;org.apache.flink.types.parser.DoubleValueParser;NoA > 15;none;none
ADR15;DRIFT;org.apache.flink.api.common.operators.base.BulkIterationBase$TerminationCriterionAggregator;NoA > 15;none;none
ADR15;DRIFT;org.apache.flink.api.common.operators.SingleInputSemanticProperties;NoA > 15;none;none
ADR15;DRIFT;org.apache.flink.api.common.typeutils.base.ShortComparator;NoA > 15;none;none
ADR15;DRIFT;org.apache.flink.api.common.operators.BinaryOperatorInformation;NoA > 15;none;none
ADR15;DRIFT;org.apache.flink.api.common.typeutils.base.array.BooleanPrimitiveArraySerializer;NoA > 15;none;none
ADR15;DRIFT;org.apache.flink.core.fs.local.LocalFileSystem;NoA > 15;none;none
ADR15;DRIFT;org.apache.flink.api.common.operators.SemanticProperties$EmptySemanticProperties;NoA > 15;none;none
ADR15;DRIFT;org.apache.flink.api.java.typeutils.runtime.TupleComparator;NoA > 15;none;none
ADR15;DRIFT;org.apache.flink.types.IntValue;NoA > 15;none;none
ADR15;DRIFT;org.apache.flink.configuration.UnmodifiableConfiguration;NoA > 15;none;none
ADR15;DRIFT;org.apache.flink.api.common.typeutils.base.array.DoublePrimitiveArrayComparator;NoA > 15;none;none
ADR15;DRIFT;org.apache.flink.api.common.io.FileOutputFormat;NoA > 15;none;none
ADR15;DRIFT;org.apache.flink.api.common.accumulators.ListAccumulator;NoA > 15;none;none
ADR15;DRIFT;org.apache.flink.api.common.typeutils.base.BooleanValueSerializer;NoA > 15;none;none
ADR15;DRIFT;org.apache.flink.api.common.operators.base.InnerJoinOperatorBase;NoA > 15;none;none
ADR15;DRIFT;org.apache.flink.api.common.operators.util.ListKeyGroupedIterator;NoA > 15;none;none
ADR15;DRIFT;org.apache.flink.api.java.typeutils.GenericTypeInfo;NoA > 15;none;none
ADR15;DRIFT;org.apache.flink.api.common.state.ValueStateDescriptor;NoA > 15;none;none
ADR15;DRIFT;org.apache.flink.api.java.typeutils.runtime.RuntimeComparatorFactory;NoA > 15;none;none
ADR15;DRIFT;org.apache.flink.configuration.GlobalConfiguration;NoA > 15;none;none
ADR15;DRIFT;org.apache.flink.types.NullValue;NoA > 15;none;none
ADR15;DRIFT;org.apache.flink.api.java.typeutils.EnumTypeInfo;NoA > 15;none;none
ADR15;DRIFT;org.apache.flink.api.common.typeutils.base.array.LongPrimitiveArrayComparator;NoA > 15;none;none
ADR15;DRIFT;org.apache.flink.api.java.typeutils.PojoTypeInfo;NoA > 15;none;none
ADR15;DRIFT;org.apache.flink.api.java.tuple.builder.Tuple19Builder;NoA > 15;none;none
ADR15;DRIFT;org.apache.flink.core.fs.FileSystem$FSKey;NoA > 15;none;none
ADR15;DRIFT;org.apache.flink.api.common.operators.base.DeltaIterationBase$WorksetPlaceHolder;NoA > 15;none;none
ADR15;DRIFT;org.apache.flink.api.common.typeutils.base.StringComparator;NoA > 15;none;none
ADR15;DRIFT;org.apache.flink.core.io.GenericInputSplit;NoA > 15;none;none
ADR15;DRIFT;org.apache.flink.api.common.operators.base.JoinOperatorBase;NoA > 15;none;none
ADR15;DRIFT;org.apache.flink.api.common.restartstrategy.RestartStrategies$NoRestartStrategyConfiguration;NoA > 15;none;none
ADR15;DRIFT;org.apache.flink.api.java.tuple.builder.Tuple16Builder;NoA > 15;none;none
ADR15;DRIFT;org.apache.flink.core.memory.HeapMemorySegment;NoA > 15;none;none
ADR15;DRIFT;org.apache.flink.api.common.typeutils.base.array.FloatPrimitiveArrayComparator;NoA > 15;none;none
ADR15;DRIFT;org.apache.flink.api.common.typeutils.CompositeType$InvalidFieldReferenceException;NoA > 15;none;none
ADR15;DRIFT;org.apache.flink.api.common.typeutils.base.ShortValueSerializer;NoA > 15;none;none
ADR15;DRIFT;org.apache.flink.api.common.typeutils.base.BasicTypeComparator;NoA > 15;none;none
ADR15;DRIFT;org.apache.flink.api.java.typeutils.EitherTypeInfo;NoA > 15;none;none
ADR15;DRIFT;org.apache.flink.core.memory.DataInputViewStreamWrapper;NoA > 15;none;none
ADR15;DRIFT;org.apache.flink.types.ShortValue;NoA > 15;none;none
ADR15;DRIFT;org.apache.flink.api.common.accumulators.SerializedListAccumulator;NoA > 15;none;none
ADR15;DRIFT;org.apache.flink.api.common.accumulators.AverageAccumulator;NoA > 15;none;none
ADR15;DRIFT;org.apache.flink.api.common.functions.RichMapPartitionFunction;NoA > 15;none;none
ADR15;DRIFT;org.apache.flink.api.common.typeutils.base.BooleanSerializer;NoA > 15;none;none
ADR15;DRIFT;org.apache.flink.api.java.tuple.builder.Tuple11Builder;NoA > 15;none;none
ADR15;DRIFT;org.apache.flink.api.common.operators.util.FieldSet;NoA > 15;none;none
ADR15;DRIFT;org.apache.flink.api.common.io.SerializedInputFormat;NoA > 15;none;none
ADR15;DRIFT;org.apache.flink.api.java.tuple.builder.Tuple22Builder;NoA > 15;none;none
ADR15;DRIFT;org.apache.flink.api.java.typeutils.runtime.kryo.Serializers;NoA > 15;none;none
ADR15;DRIFT;org.apache.flink.api.common.operators.base.BulkIterationBase$PartialSolutionPlaceHolder;NoA > 15;none;none
ADR15;DRIFT;org.apache.flink.types.parser.ByteValueParser;NoA > 15;none;none
ADR15;DRIFT;org.apache.flink.types.parser.FloatParser;NoA > 15;none;none
ADR15;DRIFT;org.apache.flink.types.parser.IntValueParser;NoA > 15;none;none
ADR15;DRIFT;org.apache.flink.api.common.operators.base.PartitionOperatorBase;NoA > 15;none;none
ADR15;DRIFT;org.apache.flink.api.common.operators.CollectionExecutor$IterationRuntimeUDFContext;NoA > 15;none;none
ADR15;DRIFT;org.apache.flink.api.java.typeutils.runtime.DataOutputViewStream;NoA > 15;none;none
ADR15;DRIFT;org.apache.flink.api.common.operators.base.BulkIterationBase;NoA > 15;none;none
ADR15;DRIFT;org.apache.flink.types.Record$InternalDeSerializer;NoA > 15;none;none
ADR15;DRIFT;org.apache.flink.api.java.tuple.builder.Tuple2Builder;NoA > 15;none;none
ADR15;DRIFT;org.apache.flink.configuration.Configuration;NoA > 15;none;none
ADR15;DRIFT;org.apache.flink.api.common.TaskInfo;NoA > 15;none;none
ADR15;DRIFT;org.apache.flink.api.common.io.FileInputFormat$InputSplitOpenThread;NoA > 15;none;none
ADR15;DRIFT;org.apache.flink.api.common.typeutils.base.array.IntPrimitiveArrayComparator;NoA > 15;none;none
ADR15;DRIFT;org.apache.flink.api.common.functions.RichReduceFunction;NoA > 15;none;none
ADR15;DRIFT;org.apache.flink.api.common.io.compression.GzipInflaterInputStreamFactory;NoA > 15;none;none
ADR15;DRIFT;org.apache.flink.types.parser.DoubleParser;NoA > 15;none;none
ADR15;DRIFT;org.apache.flink.api.common.distributions.SimpleDistribution;NoA > 15;none;none
ADR15;DRIFT;org.apache.flink.api.java.typeutils.runtime.DataInputViewStream;NoA > 15;none;none
ADR15;DRIFT;org.apache.flink.api.java.typeutils.runtime.PojoSerializer;NoA > 15;none;none
ADR15;DRIFT;org.apache.flink.core.memory.HeapMemorySegment$HeapMemorySegmentFactory;NoA > 15;none;none
ADR15;DRIFT;org.apache.flink.util.SimpleStringUtils;NoA > 15;none;none
ADR15;DRIFT;org.apache.flink.api.common.InvalidProgramException;NoA > 15;none;none
ADR15;DRIFT;org.apache.flink.core.fs.Path;NoA > 15;none;none
ADR15;DRIFT;org.apache.flink.api.java.typeutils.WritableTypeInfo;NoA > 15;none;none
ADR15;DRIFT;org.apache.flink.api.java.tuple.builder.Tuple1Builder;NoA > 15;none;none
ADR15;DRIFT;org.apache.flink.api.common.cache.DistributedCache$DistributedCacheEntry;NoA > 15;none;none
ADR15;DRIFT;org.apache.flink.api.common.functions.RichCoGroupFunction;NoA > 15;none;none
ADR15;DRIFT;org.apache.flink.api.java.tuple.builder.Tuple5Builder;NoA > 15;none;none
ADR15;DRIFT;org.apache.flink.api.java.typeutils.PojoField;NoA > 15;none;none
ADR15;DRIFT;org.apache.flink.api.common.Plan$MaxDopVisitor;NoA > 15;none;none
ADR15;DRIFT;org.apache.flink.api.common.typeinfo.FractionalTypeInfo;NoA > 15;none;none
ADR15;DRIFT;org.apache.flink.api.common.typeinfo.IntegerTypeInfo;NoA > 15;none;none
ADR15;DRIFT;org.apache.flink.api.common.aggregators.AggregatorRegistry;NoA > 15;none;none
ADR15;DRIFT;org.apache.flink.types.parser.BooleanParser;NoA > 15;none;none
ADR15;DRIFT;org.apache.flink.api.common.functions.util.ListCollector;NoA > 15;none;none
ADR15;DRIFT;org.apache.flink.api.java.typeutils.runtime.WritableComparator;NoA > 15;none;none
ADR15;DRIFT;org.apache.flink.api.java.typeutils.runtime.PojoComparator;NoA > 15;none;none
ADR15;DRIFT;org.apache.flink.api.java.typeutils.AvroTypeInfo;NoA > 15;none;none
ADR15;DRIFT;org.apache.flink.api.common.operators.base.OuterJoinOperatorBase;NoA > 15;none;none
ADR15;DRIFT;org.apache.flink.api.common.operators.CollectionExecutor;NoA > 15;none;none
ADR15;DRIFT;org.apache.flink.api.java.tuple.builder.Tuple24Builder;NoA > 15;none;none
ADR15;DRIFT;org.apache.flink.api.common.accumulators.AccumulatorHelper;NoA > 15;none;none
ADR15;DRIFT;org.apache.flink.api.java.typeutils.ObjectArrayTypeInfo;NoA > 15;none;none
ADR15;DRIFT;org.apache.flink.util.ReflectionUtil;NoA > 15;none;none
ADR15;DRIFT;org.apache.flink.api.common.typeutils.base.StringValueSerializer;NoA > 15;none;none
ADR15;DRIFT;org.apache.flink.api.common.functions.RichMapFunction;NoA > 15;none;none
ADR15;DRIFT;org.apache.flink.types.FloatValue;NoA > 15;none;none
ADR15;DRIFT;org.apache.flink.api.common.io.GenericInputFormat;NoA > 15;none;none
ADR15;DRIFT;org.apache.flink.api.common.operators.Keys;NoA > 15;none;none
ADR15;DRIFT;org.apache.flink.api.java.tuple.builder.Tuple7Builder;NoA > 15;none;none
ADR15;DRIFT;org.apache.flink.api.java.typeutils.runtime.kryo.Serializers$AvroSchemaSerializer;NoA > 15;none;none
ADR15;DRIFT;org.apache.flink.api.common.functions.util.AbstractRuntimeUDFContext;NoA > 15;none;none
ADR15;DRIFT;org.apache.flink.util.MavenForkNumberPrefixLayout;NoA > 15;none;none
ADR15;DRIFT;org.apache.flink.api.common.distributions.UniformDoubleDistribution;NoA > 15;none;none
ADR15;DRIFT;org.apache.flink.api.java.typeutils.MissingTypeInfo;NoA > 15;none;none
ADR15;DRIFT;org.apache.flink.api.common.io.LocatableInputSplitAssigner$LocatableInputSplitWithCount;NoA > 15;none;none
ADR15;DRIFT;org.apache.flink.core.fs.FSDataInputStream;NoA > 15;none;none
ADR15;DRIFT;org.apache.flink.api.java.typeutils.runtime.kryo.Serializers$SpecificInstanceCollectionSerializerForArrayList;NoA > 15;none;none
ADR15;DRIFT;org.apache.flink.api.common.operators.CompilerHints;NoA > 15;none;none
ADR15;DRIFT;org.apache.flink.util.NumberSequenceIterator;NoA > 15;none;none
ADR15;DRIFT;org.apache.flink.api.common.operators.base.SortPartitionOperatorBase;NoA > 15;none;none
ADR15;DRIFT;org.apache.flink.api.common.typeutils.CompositeType$FlatFieldDescriptor;NoA > 15;none;none
ADR15;DRIFT;org.apache.flink.api.common.io.ParseException;NoA > 15;none;none
ADR15;DRIFT;org.apache.flink.api.common.typeutils.base.VoidSerializer;NoA > 15;none;none
ADR15;DRIFT;org.apache.flink.api.java.typeutils.runtime.Tuple0Serializer;NoA > 15;none;none
ADR15;DRIFT;org.apache.flink.api.common.typeinfo.NothingTypeInfo;NoA > 15;none;none
ADR15;DRIFT;org.apache.flink.api.common.operators.base.DeltaIterationBase$SolutionSetPlaceHolder;NoA > 15;none;none
ADR15;DRIFT;org.apache.flink.api.common.typeutils.base.StringSerializer;NoA > 15;none;none
ADR15;DRIFT;org.apache.flink.api.java.tuple.builder.Tuple17Builder;NoA > 15;none;none
ADR15;DRIFT;org.apache.flink.api.java.tuple.builder.Tuple18Builder;NoA > 15;none;none
ADR15;DRIFT;org.apache.flink.api.common.typeutils.base.array.PrimitiveArrayComparator;NoA > 15;none;none
ADR15;DRIFT;org.apache.flink.api.java.tuple.builder.Tuple12Builder;NoA > 15;none;none
ADR15;DRIFT;org.apache.flink.api.common.typeutils.base.IntSerializer;NoA > 15;none;none
ADR15;DRIFT;org.apache.flink.api.common.operators.util.TypeComparable;NoA > 15;none;none
ADR15;DRIFT;org.apache.flink.api.common.operators.base.CoGroupRawOperatorBase;NoA > 15;none;none
ADR15;DRIFT;org.apache.flink.api.common.typeinfo.TypeInformation;NoA > 15;none;none
ADR15;DRIFT;org.apache.flink.api.common.io.BinaryOutputFormat;NoA > 15;none;none
ADR15;DRIFT;org.apache.flink.api.common.typeutils.CompositeTypeComparator;NoA > 15;none;none
ADR15;DRIFT;org.apache.flink.api.common.operators.base.FlatMapOperatorBase;NoA > 15;none;none
ADR15;DRIFT;org.apache.flink.util.AbstractID;NoA > 15;none;none
ADR15;DRIFT;org.apache.flink.types.KeyFieldOutOfBoundsException;NoA > 15;none;none
ADR15;DRIFT;org.apache.flink.api.common.io.RichOutputFormat;NoA > 15;none;none
ADR15;DRIFT;org.apache.flink.api.common.operators.base.GroupCombineOperatorBase;NoA > 15;none;none
ADR15;DRIFT;org.apache.flink.api.common.operators.base.GroupReduceOperatorBase;NoA > 15;none;none
ADR15;DRIFT;org.apache.flink.api.java.typeutils.runtime.DataInputDecoder;NoA > 15;none;none
ADR15;DRIFT;org.apache.flink.api.common.typeutils.base.array.CharPrimitiveArraySerializer;NoA > 15;none;none
ADR15;DRIFT;org.apache.flink.api.common.functions.RichFlatJoinFunction;NoA > 15;none;none
ADR15;DRIFT;org.apache.flink.api.common.operators.AbstractUdfOperator;NoA > 15;none;none
ADR15;DRIFT;org.apache.flink.core.io.LocatableInputSplit;NoA > 15;none;none
ADR15;DRIFT;org.apache.flink.api.common.accumulators.Histogram;NoA > 15;none;none
ADR15;DRIFT;org.apache.flink.api.common.typeutils.base.ByteSerializer;NoA > 15;none;none
ADR15;DRIFT;org.apache.flink.api.common.operators.util.UserCodeClassWrapper;NoA > 15;none;none
ADR15;DRIFT;org.apache.flink.configuration.IllegalConfigurationException;NoA > 15;none;none
ADR15;DRIFT;org.apache.flink.api.common.NonSerializableUserCodeException;NoA > 15;none;none
ADR15;DRIFT;org.apache.flink.api.common.io.ReplicatingInputFormat;NoA > 15;none;none
ADR15;DRIFT;org.apache.flink.api.common.operators.Union;NoA > 15;none;none
ADR15;DRIFT;org.apache.flink.api.java.tuple.builder.Tuple23Builder;NoA > 15;none;none
ADR15;DRIFT;org.apache.flink.api.common.typeutils.base.array.BooleanPrimitiveArrayComparator;NoA > 15;none;none
ADR15;DRIFT;org.apache.flink.api.common.io.LocatableInputSplitAssigner$LocatableInputSplitChooser;NoA > 15;none;none
ADR15;DRIFT;org.apache.flink.api.common.typeutils.base.array.LongPrimitiveArraySerializer;NoA > 15;none;none
ADR15;DRIFT;org.apache.flink.types.Either$Right;NoA > 15;none;none
ADR15;DRIFT;org.apache.flink.api.common.operators.util.JoinHashMap;NoA > 15;none;none
ADR15;DRIFT;org.apache.flink.api.common.operators.GenericDataSourceBase;NoA > 15;none;none
ADR15;DRIFT;org.apache.flink.api.java.typeutils.runtime.CopyableValueComparator;NoA > 15;none;none
ADR15;DRIFT;org.apache.flink.api.common.restartstrategy.RestartStrategies$RestartStrategyConfiguration;NoA > 15;none;none
ADR15;DRIFT;org.apache.flink.api.common.state.StateDescriptor;NoA > 15;none;none
ADR15;DRIFT;org.apache.flink.api.java.tuple.builder.Tuple6Builder;NoA > 15;none;none
ADR15;DRIFT;org.apache.flink.types.LongValue;NoA > 15;none;none
ADR15;DRIFT;org.apache.flink.types.StringValue;NoA > 15;none;none
ADR15;DRIFT;org.apache.flink.api.common.ExecutionConfig$GlobalJobParameters;NoA > 15;none;none
ADR15;DRIFT;org.apache.flink.api.common.typeutils.base.TypeSerializerSingleton;NoA > 15;none;none
ADR16;DRIFT;org.apache.flink.api.java.tuple.Tuple1;NoM > 10;none;none
ADR16;DRIFT;org.apache.flink.api.java.tuple.Tuple0;NoM > 10;none;none
ADR16;DRIFT;org.apache.flink.api.java.tuple.Tuple3;NoM > 10;none;none
ADR16;DRIFT;org.apache.flink.api.common.state.ReducingStateDescriptor;NoM > 10;none;none
ADR16;DRIFT;org.apache.flink.api.java.tuple.Tuple2;NoM > 10;none;none
ADR16;DRIFT;org.apache.flink.api.java.tuple.Tuple5;NoM > 10;none;none
ADR16;DRIFT;org.apache.flink.api.java.tuple.Tuple4;NoM > 10;none;none
ADR16;DRIFT;org.apache.flink.api.java.tuple.Tuple7;NoM > 10;none;none
ADR16;DRIFT;org.apache.flink.api.java.tuple.Tuple6;NoM > 10;none;none
ADR16;DRIFT;org.apache.flink.api.java.tuple.Tuple9;NoM > 10;none;none
ADR16;DRIFT;org.apache.flink.api.java.tuple.Tuple8;NoM > 10;none;none
ADR16;DRIFT;org.apache.flink.api.common.operators.base.FilterOperatorBase;NoM > 10;none;none
ADR16;DRIFT;org.apache.flink.api.common.typeinfo.TypeHint;NoM > 10;none;none
ADR16;DRIFT;org.apache.flink.api.common.functions.RichCrossFunction;NoM > 10;none;none
ADR16;DRIFT;org.apache.flink.api.common.functions.RichJoinFunction;NoM > 10;none;none
ADR16;DRIFT;org.apache.flink.core.memory.DataOutputViewStreamWrapper;NoM > 10;none;none
ADR16;DRIFT;org.apache.flink.api.common.typeutils.base.ByteValueSerializer;NoM > 10;none;none
ADR16;DRIFT;org.apache.flink.util.SplittableIterator;NoM > 10;none;none
ADR16;DRIFT;org.apache.flink.api.common.functions.RichFilterFunction;NoM > 10;none;none
ADR16;DRIFT;org.apache.flink.api.common.typeutils.base.DateComparator;NoM > 10;none;none
ADR16;DRIFT;org.apache.flink.api.java.tuple.builder.Tuple0Builder;NoM > 10;none;none
ADR16;DRIFT;org.apache.flink.api.common.operators.base.CrossOperatorBase;NoM > 10;none;none
ADR16;DRIFT;org.apache.flink.util.SimpleStringUtils$WhitespaceTokenizer;NoM > 10;none;none
ADR16;DRIFT;org.apache.flink.api.common.operators.base.CoGroupRawOperatorBase$SimpleListIterable;NoM > 10;none;none
ADR16;DRIFT;org.apache.flink.api.common.operators.base.CoGroupRawOperatorBase$SimpleListIterable$SimpleListIterator;NoM > 10;none;none
ADR16;DRIFT;org.apache.flink.api.common.typeutils.base.DateSerializer;NoM > 10;none;none
ADR16;DRIFT;org.apache.flink.api.java.tuple.Tuple;NoM > 10;none;none
ADR16;DRIFT;org.apache.flink.api.common.typeutils.base.LongValueSerializer;NoM > 10;none;none
ADR16;DRIFT;org.apache.flink.types.parser.ByteParser;NoM > 10;none;none
ADR16;DRIFT;org.apache.flink.api.common.operators.base.OuterJoinOperatorBase$OuterJoinListIterator;NoM > 10;none;none
ADR16;DRIFT;org.apache.flink.core.memory.MemoryUtils;NoM > 10;none;none
ADR16;DRIFT;org.apache.flink.api.common.typeinfo.NumericTypeInfo;NoM > 10;none;none
ADR16;DRIFT;org.apache.flink.types.parser.ShortParser;NoM > 10;none;none
ADR16;DRIFT;org.apache.flink.api.common.operators.base.BulkIterationBase$TerminationCriterionMapper;NoM > 10;none;none
ADR16;DRIFT;org.apache.flink.api.common.typeutils.base.CharValueSerializer;NoM > 10;none;none
ADR16;DRIFT;org.apache.flink.api.common.operators.Keys$SelectorFunctionKeys;NoM > 10;none;none
ADR16;DRIFT;org.apache.flink.api.common.typeutils.base.array.StringArraySerializer;NoM > 10;none;none
ADR16;DRIFT;org.apache.flink.api.common.io.BlockInfo;NoM > 10;none;none
ADR16;DRIFT;org.apache.flink.types.parser.StringParser;NoM > 10;none;none
ADR16;DRIFT;org.apache.flink.api.common.operators.base.BulkIterationBase$TerminationCriterionAggregationConvergence;NoM > 10;none;none
ADR16;DRIFT;org.apache.flink.api.common.io.InputStreamFSInputWrapper;NoM > 10;none;none
ADR16;DRIFT;org.apache.flink.core.fs.local.LocalDataInputStream;NoM > 10;none;none
ADR16;DRIFT;org.apache.flink.api.common.typeutils.GenericPairComparator;NoM > 10;none;none
ADR16;DRIFT;org.apache.flink.api.common.operators.Keys$IncompatibleKeysException;NoM > 10;none;none
ADR16;DRIFT;org.apache.flink.api.java.typeutils.runtime.KryoUtils;NoM > 10;none;none
ADR16;DRIFT;org.apache.flink.types.parser.DoubleValueParser;NoM > 10;none;none
ADR16;DRIFT;org.apache.flink.types.parser.StringValueParser;NoM > 10;none;none
ADR16;DRIFT;org.apache.flink.api.common.operators.base.BulkIterationBase$TerminationCriterionAggregator;NoM > 10;none;none
ADR16;DRIFT;org.apache.flink.api.common.operators.SingleInputSemanticProperties;NoM > 10;none;none
ADR16;DRIFT;org.apache.flink.api.common.typeutils.base.ShortComparator;NoM > 10;none;none
ADR16;DRIFT;org.apache.flink.api.common.operators.base.MapPartitionOperatorBase;NoM > 10;none;none
ADR16;DRIFT;org.apache.flink.api.common.typeutils.base.DoubleComparator;NoM > 10;none;none
ADR16;DRIFT;org.apache.flink.api.common.operators.BinaryOperatorInformation;NoM > 10;none;none
ADR16;DRIFT;org.apache.flink.api.common.typeutils.base.array.BooleanPrimitiveArraySerializer;NoM > 10;none;none
ADR16;DRIFT;org.apache.flink.api.java.tuple.builder.Tuple25Builder;NoM > 10;none;none
ADR16;DRIFT;org.apache.flink.types.Either;NoM > 10;none;none
ADR16;DRIFT;org.apache.flink.api.common.operators.SemanticProperties$EmptySemanticProperties;NoM > 10;none;none
ADR16;DRIFT;org.apache.flink.api.java.typeutils.runtime.TupleComparator;NoM > 10;none;none
ADR16;DRIFT;org.apache.flink.api.common.operators.SemanticProperties$InvalidSemanticAnnotationException;NoM > 10;none;none
ADR16;DRIFT;org.apache.flink.api.common.typeutils.base.ShortSerializer;NoM > 10;none;none
ADR16;DRIFT;org.apache.flink.configuration.UnmodifiableConfiguration;NoM > 10;none;none
ADR16;DRIFT;org.apache.flink.api.common.typeutils.base.EnumComparator;NoM > 10;none;none
ADR16;DRIFT;org.apache.flink.api.common.typeutils.base.array.DoublePrimitiveArrayComparator;NoM > 10;none;none
ADR16;DRIFT;org.apache.flink.api.common.functions.util.FunctionUtils;NoM > 10;none;none
ADR16;DRIFT;org.apache.flink.api.common.typeutils.base.LongComparator;NoM > 10;none;none
ADR16;DRIFT;org.apache.flink.api.common.io.DefaultInputSplitAssigner;NoM > 10;none;none
ADR16;DRIFT;org.apache.flink.api.java.tuple.builder.Tuple8Builder;NoM > 10;none;none
ADR16;DRIFT;org.apache.flink.api.common.accumulators.IntCounter;NoM > 10;none;none
ADR16;DRIFT;org.apache.flink.api.java.tuple.builder.Tuple4Builder;NoM > 10;none;none
ADR16;DRIFT;org.apache.flink.api.common.accumulators.ListAccumulator;NoM > 10;none;none
ADR16;DRIFT;org.apache.flink.api.common.typeutils.base.BooleanValueSerializer;NoM > 10;none;none
ADR16;DRIFT;org.apache.flink.api.common.operators.base.InnerJoinOperatorBase;NoM > 10;none;none
ADR16;DRIFT;org.apache.flink.api.common.operators.util.ListKeyGroupedIterator;NoM > 10;none;none
ADR16;DRIFT;org.apache.flink.api.java.typeutils.PojoTypeInfo$PojoTypeComparatorBuilder;NoM > 10;none;none
ADR16;DRIFT;org.apache.flink.api.common.state.ValueStateDescriptor;NoM > 10;none;none
ADR16;DRIFT;org.apache.flink.api.common.typeutils.base.array.IntPrimitiveArraySerializer;NoM > 10;none;none
ADR16;DRIFT;org.apache.flink.api.common.restartstrategy.RestartStrategies$FixedDelayRestartStrategyConfiguration;NoM > 10;none;none
ADR16;DRIFT;org.apache.flink.api.java.typeutils.runtime.RuntimeComparatorFactory;NoM > 10;none;none
ADR16;DRIFT;org.apache.flink.api.common.io.BinaryInputFormat$BlockBasedInput;NoM > 10;none;none
ADR16;DRIFT;org.apache.flink.api.common.JobID;NoM > 10;none;none
ADR16;DRIFT;org.apache.flink.api.java.tuple.builder.Tuple21Builder;NoM > 10;none;none
ADR16;DRIFT;org.apache.flink.api.common.distributions.CommonRangeBoundaries;NoM > 10;none;none
ADR16;DRIFT;org.apache.flink.api.common.typeutils.base.IntValueSerializer;NoM > 10;none;none
ADR16;DRIFT;org.apache.flink.api.common.aggregators.AggregatorWithName;NoM > 10;none;none
ADR16;DRIFT;org.apache.flink.api.common.operators.CollectionExecutor$DynamicPathCollector;NoM > 10;none;none
ADR16;DRIFT;org.apache.flink.api.common.typeutils.base.array.LongPrimitiveArrayComparator;NoM > 10;none;none
ADR16;DRIFT;org.apache.flink.api.java.tuple.builder.Tuple19Builder;NoM > 10;none;none
ADR16;DRIFT;org.apache.flink.core.fs.FileSystem$FSKey;NoM > 10;none;none
ADR16;DRIFT;org.apache.flink.api.common.operators.base.DeltaIterationBase$WorksetPlaceHolder;NoM > 10;none;none
ADR16;DRIFT;org.apache.flink.api.common.typeutils.base.StringComparator;NoM > 10;none;none
ADR16;DRIFT;org.apache.flink.core.io.GenericInputSplit;NoM > 10;none;none
ADR16;DRIFT;org.apache.flink.api.common.operators.base.JoinOperatorBase;NoM > 10;none;none
ADR16;DRIFT;org.apache.flink.api.common.typeutils.base.array.ShortPrimitiveArraySerializer;NoM > 10;none;none
ADR16;DRIFT;org.apache.flink.api.common.restartstrategy.RestartStrategies$NoRestartStrategyConfiguration;NoM > 10;none;none
ADR16;DRIFT;org.apache.flink.api.common.typeutils.base.FloatComparator;NoM > 10;none;none
ADR16;DRIFT;org.apache.flink.types.parser.LongValueParser;NoM > 10;none;none
ADR16;DRIFT;org.apache.flink.types.DeserializationException;NoM > 10;none;none
ADR16;DRIFT;org.apache.flink.api.common.functions.RichGroupReduceFunction;NoM > 10;none;none
ADR16;DRIFT;org.apache.flink.api.java.typeutils.TupleTypeInfo;NoM > 10;none;none
ADR16;DRIFT;org.apache.flink.util.ExceptionUtils;NoM > 10;none;none
ADR16;DRIFT;org.apache.flink.api.common.typeutils.base.array.CharPrimitiveArrayComparator;NoM > 10;none;none
ADR16;DRIFT;org.apache.flink.api.common.io.LocatableInputSplitAssigner;NoM > 10;none;none
ADR16;DRIFT;org.apache.flink.api.java.tuple.builder.Tuple14Builder;NoM > 10;none;none
ADR16;DRIFT;org.apache.flink.api.java.tuple.builder.Tuple16Builder;NoM > 10;none;none
ADR16;DRIFT;org.apache.flink.api.common.functions.RichFoldFunction;NoM > 10;none;none
ADR16;DRIFT;org.apache.flink.api.java.tuple.builder.Tuple13Builder;NoM > 10;none;none
ADR16;DRIFT;org.apache.flink.api.common.typeutils.base.array.FloatPrimitiveArrayComparator;NoM > 10;none;none
ADR16;DRIFT;org.apache.flink.api.common.typeutils.CompositeType$InvalidFieldReferenceException;NoM > 10;none;none
ADR16;DRIFT;org.apache.flink.api.common.typeutils.base.ShortValueSerializer;NoM > 10;none;none
ADR16;DRIFT;org.apache.flink.core.memory.DataInputViewStreamWrapper;NoM > 10;none;none
ADR16;DRIFT;org.apache.flink.api.common.operators.Keys$ExpressionKeys;NoM > 10;none;none
ADR16;DRIFT;org.apache.flink.api.common.accumulators.SerializedListAccumulator;NoM > 10;none;none
ADR16;DRIFT;org.apache.flink.api.common.accumulators.AverageAccumulator;NoM > 10;none;none
ADR16;DRIFT;org.apache.flink.api.common.typeutils.base.FloatValueSerializer;NoM > 10;none;none
ADR16;DRIFT;org.apache.flink.api.common.functions.RichMapPartitionFunction;NoM > 10;none;none
ADR16;DRIFT;org.apache.flink.core.fs.local.LocalDataOutputStream;NoM > 10;none;none
ADR16;DRIFT;org.apache.flink.api.common.typeutils.base.ByteComparator;NoM > 10;none;none
ADR16;DRIFT;org.apache.flink.api.java.typeutils.PojoTypeInfo$NamedFlatFieldDescriptor;NoM > 10;none;none
ADR16;DRIFT;org.apache.flink.api.common.typeutils.base.BooleanSerializer;NoM > 10;none;none
ADR16;DRIFT;org.apache.flink.api.java.tuple.builder.Tuple11Builder;NoM > 10;none;none
ADR16;DRIFT;org.apache.flink.api.common.io.FileInputFormat$FileBaseStatistics;NoM > 10;none;none
ADR16;DRIFT;org.apache.flink.types.parser.ShortValueParser;NoM > 10;none;none
ADR16;DRIFT;org.apache.flink.api.common.io.SerializedInputFormat;NoM > 10;none;none
ADR16;DRIFT;org.apache.flink.api.common.aggregators.DoubleZeroConvergence;NoM > 10;none;none
ADR16;DRIFT;org.apache.flink.api.java.tuple.builder.Tuple22Builder;NoM > 10;none;none
ADR16;DRIFT;org.apache.flink.api.java.typeutils.runtime.kryo.Serializers;NoM > 10;none;none
ADR16;DRIFT;org.apache.flink.api.common.typeutils.TypePairComparator;NoM > 10;none;none
ADR16;DRIFT;org.apache.flink.api.java.typeutils.runtime.kryo.Serializers$SpecificInstanceCollectionSerializer;NoM > 10;none;none
ADR16;DRIFT;org.apache.flink.api.common.operators.base.BulkIterationBase$PartialSolutionPlaceHolder;NoM > 10;none;none
ADR16;DRIFT;org.apache.flink.api.common.accumulators.DoubleCounter;NoM > 10;none;none
ADR16;DRIFT;org.apache.flink.api.common.functions.util.NoOpFunction;NoM > 10;none;none
ADR16;DRIFT;org.apache.flink.core.fs.FileInputSplit;NoM > 10;none;none
ADR16;DRIFT;org.apache.flink.api.common.typeutils.base.array.DoublePrimitiveArraySerializer;NoM > 10;none;none
ADR16;DRIFT;org.apache.flink.types.parser.ByteValueParser;NoM > 10;none;none
ADR16;DRIFT;org.apache.flink.types.parser.FloatParser;NoM > 10;none;none
ADR16;DRIFT;org.apache.flink.api.common.functions.util.RuntimeUDFContext;NoM > 10;none;none
ADR16;DRIFT;org.apache.flink.types.parser.IntValueParser;NoM > 10;none;none
ADR16;DRIFT;org.apache.flink.api.java.typeutils.runtime.TupleSerializer;NoM > 10;none;none
ADR16;DRIFT;org.apache.flink.api.java.typeutils.runtime.RuntimePairComparatorFactory;NoM > 10;none;none
ADR16;DRIFT;org.apache.flink.api.common.operators.DualInputSemanticProperties;NoM > 10;none;none
ADR16;DRIFT;org.apache.flink.api.common.operators.base.PartitionOperatorBase;NoM > 10;none;none
ADR16;DRIFT;org.apache.flink.api.java.typeutils.TypeInfoParser;NoM > 10;none;none
ADR16;DRIFT;org.apache.flink.api.common.operators.CollectionExecutor$IterationRuntimeUDFContext;NoM > 10;none;none
ADR16;DRIFT;org.apache.flink.api.java.typeutils.runtime.DataOutputViewStream;NoM > 10;none;none
ADR16;DRIFT;org.apache.flink.api.common.operators.util.JoinHashMap$Prober;NoM > 10;none;none
ADR16;DRIFT;org.apache.flink.core.fs.local.LocalBlockLocation;NoM > 10;none;none
ADR16;DRIFT;org.apache.flink.api.java.tuple.builder.Tuple2Builder;NoM > 10;none;none
ADR16;DRIFT;org.apache.flink.types.parser.LongParser;NoM > 10;none;none
ADR16;DRIFT;org.apache.flink.api.common.typeutils.base.IntComparator;NoM > 10;none;none
ADR16;DRIFT;org.apache.flink.core.fs.local.LocalFileStatus;NoM > 10;none;none
ADR16;DRIFT;org.apache.flink.api.common.TaskInfo;NoM > 10;none;none
ADR16;DRIFT;org.apache.flink.core.memory.HybridMemorySegment$HybridMemorySegmentFactory;NoM > 10;none;none
ADR16;DRIFT;org.apache.flink.api.common.io.FileInputFormat$InputSplitOpenThread;NoM > 10;none;none
ADR16;DRIFT;org.apache.flink.api.common.typeutils.base.array.IntPrimitiveArrayComparator;NoM > 10;none;none
ADR16;DRIFT;org.apache.flink.api.common.io.SerializedOutputFormat;NoM > 10;none;none
ADR16;DRIFT;org.apache.flink.api.common.functions.RichReduceFunction;NoM > 10;none;none
ADR16;DRIFT;org.apache.flink.api.common.io.compression.GzipInflaterInputStreamFactory;NoM > 10;none;none
ADR16;DRIFT;org.apache.flink.api.common.functions.AbstractRichFunction;NoM > 10;none;none
ADR16;DRIFT;org.apache.flink.types.parser.DoubleParser;NoM > 10;none;none
ADR16;DRIFT;org.apache.flink.api.common.typeutils.base.array.BytePrimitiveArrayComparator;NoM > 10;none;none
ADR16;DRIFT;org.apache.flink.api.common.typeutils.base.array.BytePrimitiveArraySerializer;NoM > 10;none;none
ADR16;DRIFT;org.apache.flink.api.common.distributions.SimpleDistribution;NoM > 10;none;none
ADR16;DRIFT;org.apache.flink.api.java.typeutils.runtime.DataInputViewStream;NoM > 10;none;none
ADR16;DRIFT;org.apache.flink.util.NetUtils;NoM > 10;none;none
ADR16;DRIFT;org.apache.flink.api.common.operators.UnaryOperatorInformation;NoM > 10;none;none
ADR16;DRIFT;org.apache.flink.core.memory.HeapMemorySegment$HeapMemorySegmentFactory;NoM > 10;none;none
ADR16;DRIFT;org.apache.flink.util.SimpleStringUtils;NoM > 10;none;none
ADR16;DRIFT;org.apache.flink.core.fs.FSDataOutputStream;NoM > 10;none;none
ADR16;DRIFT;org.apache.flink.api.common.InvalidProgramException;NoM > 10;none;none
ADR16;DRIFT;org.apache.flink.api.java.tuple.builder.Tuple1Builder;NoM > 10;none;none
ADR16;DRIFT;org.apache.flink.api.common.cache.DistributedCache$DistributedCacheEntry;NoM > 10;none;none
ADR16;DRIFT;org.apache.flink.api.java.tuple.builder.Tuple3Builder;NoM > 10;none;none
ADR16;DRIFT;org.apache.flink.api.common.functions.RichCoGroupFunction;NoM > 10;none;none
ADR16;DRIFT;org.apache.flink.api.java.tuple.builder.Tuple5Builder;NoM > 10;none;none
ADR16;DRIFT;org.apache.flink.types.parser.FloatValueParser;NoM > 10;none;none
ADR16;DRIFT;org.apache.flink.api.common.operators.base.MapOperatorBase;NoM > 10;none;none
ADR16;DRIFT;org.apache.flink.api.common.functions.RichGroupCombineFunction;NoM > 10;none;none
ADR16;DRIFT;org.apache.flink.api.java.typeutils.PojoField;NoM > 10;none;none
ADR16;DRIFT;org.apache.flink.api.java.typeutils.runtime.NoFetchingInput;NoM > 10;none;none
ADR16;DRIFT;org.apache.flink.api.common.Plan$MaxDopVisitor;NoM > 10;none;none
ADR16;DRIFT;org.apache.flink.api.java.typeutils.runtime.TupleSerializerBase;NoM > 10;none;none
ADR16;DRIFT;org.apache.flink.api.common.typeinfo.FractionalTypeInfo;NoM > 10;none;none
ADR16;DRIFT;org.apache.flink.api.common.typeinfo.IntegerTypeInfo;NoM > 10;none;none
ADR16;DRIFT;org.apache.flink.api.common.aggregators.AggregatorRegistry;NoM > 10;none;none
ADR16;DRIFT;org.apache.flink.types.parser.BooleanParser;NoM > 10;none;none
ADR16;DRIFT;org.apache.flink.api.common.functions.util.ListCollector;NoM > 10;none;none
ADR16;DRIFT;org.apache.flink.util.TraversableOnceException;NoM > 10;none;none
ADR16;DRIFT;org.apache.flink.api.common.functions.util.CopyingListCollector;NoM > 10;none;none
ADR16;DRIFT;org.apache.flink.api.java.typeutils.AvroTypeInfo;NoM > 10;none;none
ADR16;DRIFT;org.apache.flink.api.common.distributions.SimpleIntegerDistribution;NoM > 10;none;none
ADR16;DRIFT;org.apache.flink.api.common.operators.base.OuterJoinOperatorBase;NoM > 10;none;none
ADR16;DRIFT;org.apache.flink.api.common.operators.CollectionExecutor;NoM > 10;none;none
ADR16;DRIFT;org.apache.flink.api.java.tuple.builder.Tuple24Builder;NoM > 10;none;none
ADR16;DRIFT;org.apache.flink.api.common.accumulators.AccumulatorHelper;NoM > 10;none;none
ADR16;DRIFT;org.apache.flink.api.java.typeutils.TupleTypeInfo$TupleTypeComparatorBuilder;NoM > 10;none;none
ADR16;DRIFT;org.apache.flink.api.common.typeutils.base.StringValueSerializer;NoM > 10;none;none
ADR16;DRIFT;org.apache.flink.util.InstantiationUtil$ClassLoaderObjectInputStream;NoM > 10;none;none
ADR16;DRIFT;org.apache.flink.api.common.functions.RichMapFunction;NoM > 10;none;none
ADR16;DRIFT;org.apache.flink.types.NullKeyFieldException;NoM > 10;none;none
ADR16;DRIFT;org.apache.flink.api.common.functions.InvalidTypesException;NoM > 10;none;none
ADR16;DRIFT;org.apache.flink.api.common.io.GenericInputFormat;NoM > 10;none;none
ADR16;DRIFT;org.apache.flink.types.Either$Left;NoM > 10;none;none
ADR16;DRIFT;org.apache.flink.api.common.operators.Keys;NoM > 10;none;none
ADR16;DRIFT;org.apache.flink.api.java.tuple.builder.Tuple7Builder;NoM > 10;none;none
ADR16;DRIFT;org.apache.flink.api.java.typeutils.runtime.kryo.Serializers$AvroSchemaSerializer;NoM > 10;none;none
ADR16;DRIFT;org.apache.flink.core.memory.MemorySegmentFactory;NoM > 10;none;none
ADR16;DRIFT;org.apache.flink.api.common.functions.util.CopyingIterator;NoM > 10;none;none
ADR16;DRIFT;org.apache.flink.util.MavenForkNumberPrefixLayout;NoM > 10;none;none
ADR16;DRIFT;org.apache.flink.api.common.distributions.UniformDoubleDistribution;NoM > 10;none;none
ADR16;DRIFT;org.apache.flink.api.common.io.LocatableInputSplitAssigner$LocatableInputSplitWithCount;NoM > 10;none;none
ADR16;DRIFT;org.apache.flink.core.fs.FSDataInputStream;NoM > 10;none;none
ADR16;DRIFT;org.apache.flink.api.java.typeutils.runtime.kryo.Serializers$SpecificInstanceCollectionSerializerForArrayList;NoM > 10;none;none
ADR16;DRIFT;org.apache.flink.api.java.tuple.builder.Tuple10Builder;NoM > 10;none;none
ADR16;DRIFT;org.apache.flink.util.NumberSequenceIterator;NoM > 10;none;none
ADR16;DRIFT;org.apache.flink.api.common.operators.base.SortPartitionOperatorBase;NoM > 10;none;none
ADR16;DRIFT;org.apache.flink.api.common.typeutils.CompositeType$FlatFieldDescriptor;NoM > 10;none;none
ADR16;DRIFT;org.apache.flink.api.common.io.ParseException;NoM > 10;none;none
ADR16;DRIFT;org.apache.flink.api.common.typeutils.base.VoidSerializer;NoM > 10;none;none
ADR16;DRIFT;org.apache.flink.api.java.tuple.Tuple25;NoM > 10;none;none
ADR16;DRIFT;org.apache.flink.api.java.tuple.Tuple24;NoM > 10;none;none
ADR16;DRIFT;org.apache.flink.api.java.typeutils.runtime.RuntimeSerializerFactory;NoM > 10;none;none
ADR16;DRIFT;org.apache.flink.api.java.tuple.builder.Tuple15Builder;NoM > 10;none;none
ADR16;DRIFT;org.apache.flink.types.parser.BooleanValueParser;NoM > 10;none;none
ADR16;DRIFT;org.apache.flink.api.common.ExecutionConfig$SerializableSerializer;NoM > 10;none;none
ADR16;DRIFT;org.apache.flink.api.common.operators.base.DeltaIterationBase$SolutionSetPlaceHolder;NoM > 10;none;none
ADR16;DRIFT;org.apache.flink.api.common.typeutils.base.StringSerializer;NoM > 10;none;none
ADR16;DRIFT;org.apache.flink.api.java.tuple.builder.Tuple17Builder;NoM > 10;none;none
ADR16;DRIFT;org.apache.flink.api.java.tuple.builder.Tuple18Builder;NoM > 10;none;none
ADR16;DRIFT;org.apache.flink.api.java.tuple.builder.Tuple12Builder;NoM > 10;none;none
ADR16;DRIFT;org.apache.flink.api.common.io.BinaryInputFormat$SequentialStatistics;NoM > 10;none;none
ADR16;DRIFT;org.apache.flink.api.common.typeutils.base.IntSerializer;NoM > 10;none;none
ADR16;DRIFT;org.apache.flink.api.common.operators.util.TypeComparable;NoM > 10;none;none
ADR16;DRIFT;org.apache.flink.api.common.typeutils.base.FloatSerializer;NoM > 10;none;none
ADR16;DRIFT;org.apache.flink.api.common.state.ListStateDescriptor;NoM > 10;none;none
ADR16;DRIFT;org.apache.flink.api.common.aggregators.DoubleSumAggregator;NoM > 10;none;none
ADR16;DRIFT;org.apache.flink.api.java.tuple.Tuple23;NoM > 10;none;none
ADR16;DRIFT;org.apache.flink.api.java.tuple.Tuple22;NoM > 10;none;none
ADR16;DRIFT;org.apache.flink.api.common.typeutils.base.BooleanComparator;NoM > 10;none;none
ADR16;DRIFT;org.apache.flink.api.java.tuple.Tuple21;NoM > 10;none;none
ADR16;DRIFT;org.apache.flink.api.java.tuple.Tuple20;NoM > 10;none;none
ADR16;DRIFT;org.apache.flink.api.java.tuple.Tuple16;NoM > 10;none;none
ADR16;DRIFT;org.apache.flink.api.common.io.BinaryOutputFormat;NoM > 10;none;none
ADR16;DRIFT;org.apache.flink.api.java.tuple.Tuple15;NoM > 10;none;none
ADR16;DRIFT;org.apache.flink.api.java.tuple.Tuple14;NoM > 10;none;none
ADR16;DRIFT;org.apache.flink.api.common.typeutils.CompositeTypeComparator;NoM > 10;none;none
ADR16;DRIFT;org.apache.flink.api.common.typeutils.base.CharSerializer;NoM > 10;none;none
ADR16;DRIFT;org.apache.flink.api.java.tuple.Tuple13;NoM > 10;none;none
ADR16;DRIFT;org.apache.flink.api.common.operators.base.FlatMapOperatorBase;NoM > 10;none;none
ADR16;DRIFT;org.apache.flink.api.java.tuple.Tuple19;NoM > 10;none;none
ADR16;DRIFT;org.apache.flink.api.java.tuple.Tuple18;NoM > 10;none;none
ADR16;DRIFT;org.apache.flink.api.java.tuple.Tuple17;NoM > 10;none;none
ADR16;DRIFT;org.apache.flink.types.KeyFieldOutOfBoundsException;NoM > 10;none;none
ADR16;DRIFT;org.apache.flink.api.common.typeutils.base.CharComparator;NoM > 10;none;none
ADR16;DRIFT;org.apache.flink.api.common.cache.DistributedCache;NoM > 10;none;none
ADR16;DRIFT;org.apache.flink.types.parser.IntParser;NoM > 10;none;none
ADR16;DRIFT;org.apache.flink.api.common.io.RichOutputFormat;NoM > 10;none;none
ADR16;DRIFT;org.apache.flink.api.common.operators.base.GroupCombineOperatorBase;NoM > 10;none;none
ADR16;DRIFT;org.apache.flink.api.common.JobExecutionResult;NoM > 10;none;none
ADR16;DRIFT;org.apache.flink.api.java.tuple.builder.Tuple20Builder;NoM > 10;none;none
ADR16;DRIFT;org.apache.flink.api.common.operators.base.GroupReduceOperatorBase;NoM > 10;none;none
ADR16;DRIFT;org.apache.flink.util.SerializedValue;NoM > 10;none;none
ADR16;DRIFT;org.apache.flink.api.common.typeutils.base.array.CharPrimitiveArraySerializer;NoM > 10;none;none
ADR16;DRIFT;org.apache.flink.api.common.functions.RichFlatJoinFunction;NoM > 10;none;none
ADR16;DRIFT;org.apache.flink.api.common.operators.AbstractUdfOperator;NoM > 10;none;none
ADR16;DRIFT;org.apache.flink.api.common.operators.CollectionExecutor$CompletedFuture;NoM > 10;none;none
ADR16;DRIFT;org.apache.flink.api.common.io.ReplicatingInputSplitAssigner;NoM > 10;none;none
ADR16;DRIFT;org.apache.flink.core.io.LocatableInputSplit;NoM > 10;none;none
ADR16;DRIFT;org.apache.flink.api.common.operators.util.ListKeyGroupedIterator$ValuesIterator;NoM > 10;none;none
ADR16;DRIFT;org.apache.flink.api.common.accumulators.Histogram;NoM > 10;none;none
ADR16;DRIFT;org.apache.flink.api.java.tuple.Tuple12;NoM > 10;none;none
ADR16;DRIFT;org.apache.flink.api.java.tuple.Tuple11;NoM > 10;none;none
ADR16;DRIFT;org.apache.flink.api.common.typeutils.base.ByteSerializer;NoM > 10;none;none
ADR16;DRIFT;org.apache.flink.api.java.tuple.Tuple10;NoM > 10;none;none
ADR16;DRIFT;org.apache.flink.api.common.operators.util.UserCodeClassWrapper;NoM > 10;none;none
ADR16;DRIFT;org.apache.flink.api.common.functions.RichFlatMapFunction;NoM > 10;none;none
ADR16;DRIFT;org.apache.flink.configuration.IllegalConfigurationException;NoM > 10;none;none
ADR16;DRIFT;org.apache.flink.api.common.aggregators.LongSumAggregator;NoM > 10;none;none
ADR16;DRIFT;org.apache.flink.types.Pair;NoM > 10;none;none
ADR16;DRIFT;org.apache.flink.api.common.NonSerializableUserCodeException;NoM > 10;none;none
ADR16;DRIFT;org.apache.flink.api.common.accumulators.LongCounter;NoM > 10;none;none
ADR16;DRIFT;org.apache.flink.api.common.io.compression.DeflateInflaterInputStreamFactory;NoM > 10;none;none
ADR16;DRIFT;org.apache.flink.api.common.typeutils.base.DoubleSerializer;NoM > 10;none;none
ADR16;DRIFT;org.apache.flink.api.common.operators.Union;NoM > 10;none;none
ADR16;DRIFT;org.apache.flink.api.java.tuple.builder.Tuple23Builder;NoM > 10;none;none
ADR16;DRIFT;org.apache.flink.api.common.operators.base.ReduceOperatorBase;NoM > 10;none;none
ADR16;DRIFT;org.apache.flink.types.JavaToValueConverter;NoM > 10;none;none
ADR16;DRIFT;org.apache.flink.api.common.typeutils.base.array.BooleanPrimitiveArrayComparator;NoM > 10;none;none
ADR16;DRIFT;org.apache.flink.api.common.restartstrategy.RestartStrategies;NoM > 10;none;none
ADR16;DRIFT;org.apache.flink.api.common.io.LocatableInputSplitAssigner$LocatableInputSplitChooser;NoM > 10;none;none
ADR16;DRIFT;org.apache.flink.api.common.typeutils.base.array.LongPrimitiveArraySerializer;NoM > 10;none;none
ADR16;DRIFT;org.apache.flink.api.common.operators.SingleInputSemanticProperties$AllFieldsForwardedProperties;NoM > 10;none;none
ADR16;DRIFT;org.apache.flink.api.java.typeutils.AvroTypeInfo$PojoTypeExtractor;NoM > 10;none;none
ADR16;DRIFT;org.apache.flink.types.Either$Right;NoM > 10;none;none
ADR16;DRIFT;org.apache.flink.api.common.operators.util.JoinHashMap;NoM > 10;none;none
ADR16;DRIFT;org.apache.flink.api.java.tuple.builder.Tuple9Builder;NoM > 10;none;none
ADR16;DRIFT;org.apache.flink.api.common.distributions.UniformIntegerDistribution;NoM > 10;none;none
ADR16;DRIFT;org.apache.flink.configuration.ConfigConstants;NoM > 10;none;none
ADR16;DRIFT;org.apache.flink.api.common.operators.GenericDataSourceBase;NoM > 10;none;none
ADR16;DRIFT;org.apache.flink.api.common.typeutils.base.LongSerializer;NoM > 10;none;none
ADR16;DRIFT;org.apache.flink.api.common.JobSubmissionResult;NoM > 10;none;none
ADR16;DRIFT;org.apache.flink.types.NullFieldException;NoM > 10;none;none
ADR16;DRIFT;org.apache.flink.api.common.restartstrategy.RestartStrategies$RestartStrategyConfiguration;NoM > 10;none;none
ADR16;DRIFT;org.apache.flink.api.common.io.RichInputFormat;NoM > 10;none;none
ADR16;DRIFT;org.apache.flink.api.common.aggregators.LongZeroConvergence;NoM > 10;none;none
ADR16;DRIFT;org.apache.flink.util.XORShiftRandom;NoM > 10;none;none
ADR16;DRIFT;org.apache.flink.api.java.tuple.builder.Tuple6Builder;NoM > 10;none;none
ADR16;DRIFT;org.apache.flink.api.common.typeutils.base.DoubleValueSerializer;NoM > 10;none;none
ADR16;DRIFT;org.apache.flink.api.common.operators.OperatorInformation;NoM > 10;none;none
ADR16;DRIFT;org.apache.flink.api.common.io.BinaryOutputFormat$BlockBasedOutput;NoM > 10;none;none
ADR16;DRIFT;org.apache.flink.api.common.typeutils.base.array.FloatPrimitiveArraySerializer;NoM > 10;none;none
ADR16;DRIFT;org.apache.flink.api.common.typeutils.base.array.ShortPrimitiveArrayComparator;NoM > 10;none;none
ADR16;DRIFT;org.apache.flink.types.parser.FieldParser;NoM > 10;none;none
ADR16;DRIFT;org.apache.flink.api.common.ExecutionConfig$GlobalJobParameters;NoM > 10;none;none
ADR16;DRIFT;org.apache.flink.api.common.operators.base.CoGroupOperatorBase$CoGroupSortListIterator;NoM > 10;none;none
ADR16;DRIFT;org.apache.flink.api.common.typeutils.base.TypeSerializerSingleton;NoM > 10;none;none
ADR16;DRIFT;org.apache.flink.api.common.operators.util.UserCodeObjectWrapper;NoM > 10;none;none
ADR16;DRIFT;org.apache.flink.api.common.state.FoldingStateDescriptor;NoM > 10;none;none
ADR16;DRIFT;org.apache.flink.types.Nothing;NoM > 10;none;none
