Unit;CPT01;
org.apache.flink.api.common.Archiveable;X;
org.apache.flink.api.common.ArchivedExecutionConfig;X;
org.apache.flink.api.common.ExecutionConfig;X;
org.apache.flink.api.common.ExecutionConfig$GlobalJobParameters;X;
org.apache.flink.api.common.ExecutionConfig$SerializableSerializer;X;
org.apache.flink.api.common.InvalidProgramException;X;
org.apache.flink.api.common.JobExecutionResult;X;
org.apache.flink.api.common.JobID;X;
org.apache.flink.api.common.JobSubmissionResult;X;
org.apache.flink.api.common.NonSerializableUserCodeException;X;
org.apache.flink.api.common.Plan;X;
org.apache.flink.api.common.Plan$MaxDopVisitor;X;
org.apache.flink.api.common.PlanExecutor;X;
org.apache.flink.api.common.Program;X;
org.apache.flink.api.common.ProgramDescription;X;
org.apache.flink.api.common.TaskInfo;X;
org.apache.flink.api.common.accumulators.Accumulator;X;
org.apache.flink.api.common.accumulators.AccumulatorHelper;X;
org.apache.flink.api.common.accumulators.AverageAccumulator;X;
org.apache.flink.api.common.accumulators.DoubleCounter;X;
org.apache.flink.api.common.accumulators.DoubleMaximum;X;
org.apache.flink.api.common.accumulators.DoubleMinimum;X;
org.apache.flink.api.common.accumulators.Histogram;X;
org.apache.flink.api.common.accumulators.IntCounter;X;
org.apache.flink.api.common.accumulators.IntMaximum;X;
org.apache.flink.api.common.accumulators.IntMinimum;X;
org.apache.flink.api.common.accumulators.ListAccumulator;X;
org.apache.flink.api.common.accumulators.LongCounter;X;
org.apache.flink.api.common.accumulators.LongMaximum;X;
org.apache.flink.api.common.accumulators.LongMinimum;X;
org.apache.flink.api.common.accumulators.SerializedListAccumulator;X;
org.apache.flink.api.common.accumulators.SimpleAccumulator;X;
org.apache.flink.api.common.aggregators.Aggregator;X;
org.apache.flink.api.common.aggregators.AggregatorRegistry;X;
org.apache.flink.api.common.aggregators.AggregatorWithName;X;
org.apache.flink.api.common.aggregators.ConvergenceCriterion;X;
org.apache.flink.api.common.aggregators.DoubleSumAggregator;X;
org.apache.flink.api.common.aggregators.DoubleZeroConvergence;X;
org.apache.flink.api.common.aggregators.LongSumAggregator;X;
org.apache.flink.api.common.aggregators.LongZeroConvergence;X;
org.apache.flink.api.common.cache.DistributedCache;X;
org.apache.flink.api.common.cache.DistributedCache$DistributedCacheEntry;X;
org.apache.flink.api.common.distributions.CommonRangeBoundaries;X;
org.apache.flink.api.common.distributions.DataDistribution;X;
org.apache.flink.api.common.distributions.RangeBoundaries;X;
org.apache.flink.api.common.functions.AbstractRichFunction;X;
org.apache.flink.api.common.functions.AggregateFunction;X;
org.apache.flink.api.common.functions.BroadcastVariableInitializer;X;
org.apache.flink.api.common.functions.CoGroupFunction;X;
org.apache.flink.api.common.functions.CombineFunction;X;
org.apache.flink.api.common.functions.CrossFunction;X;
org.apache.flink.api.common.functions.FilterFunction;X;
org.apache.flink.api.common.functions.FlatJoinFunction;X;
org.apache.flink.api.common.functions.FlatMapFunction;X;
org.apache.flink.api.common.functions.FoldFunction;X;
org.apache.flink.api.common.functions.Function;X;
org.apache.flink.api.common.functions.GroupCombineFunction;X;
org.apache.flink.api.common.functions.GroupReduceFunction;X;
org.apache.flink.api.common.functions.InvalidTypesException;X;
org.apache.flink.api.common.functions.IterationRuntimeContext;X;
org.apache.flink.api.common.functions.JoinFunction;X;
org.apache.flink.api.common.functions.MapFunction;X;
org.apache.flink.api.common.functions.MapPartitionFunction;X;
org.apache.flink.api.common.functions.Partitioner;X;
org.apache.flink.api.common.functions.ReduceFunction;X;
org.apache.flink.api.common.functions.RichAggregateFunction;X;
org.apache.flink.api.common.functions.RichCoGroupFunction;X;
org.apache.flink.api.common.functions.RichCrossFunction;X;
org.apache.flink.api.common.functions.RichFilterFunction;X;
org.apache.flink.api.common.functions.RichFlatJoinFunction;X;
org.apache.flink.api.common.functions.RichFlatMapFunction;X;
org.apache.flink.api.common.functions.RichFoldFunction;X;
org.apache.flink.api.common.functions.RichFunction;X;
org.apache.flink.api.common.functions.RichGroupCombineFunction;X;
org.apache.flink.api.common.functions.RichGroupReduceFunction;X;
org.apache.flink.api.common.functions.RichJoinFunction;X;
org.apache.flink.api.common.functions.RichMapFunction;X;
org.apache.flink.api.common.functions.RichMapPartitionFunction;X;
org.apache.flink.api.common.functions.RichReduceFunction;X;
org.apache.flink.api.common.functions.RuntimeContext;X;
org.apache.flink.api.common.functions.util.AbstractRuntimeUDFContext;X;
org.apache.flink.api.common.functions.util.CopyingIterator;X;
org.apache.flink.api.common.functions.util.CopyingListCollector;X;
org.apache.flink.api.common.functions.util.FunctionUtils;X;
org.apache.flink.api.common.functions.util.ListCollector;X;
org.apache.flink.api.common.functions.util.NoOpFunction;X;
org.apache.flink.api.common.functions.util.PrintSinkOutputWriter;X;
org.apache.flink.api.common.functions.util.RuntimeUDFContext;X;
org.apache.flink.api.common.io.BinaryInputFormat;X;
org.apache.flink.api.common.io.BinaryInputFormat$BlockBasedInput;X;
org.apache.flink.api.common.io.BinaryInputFormat$SequentialStatistics;X;
org.apache.flink.api.common.io.BinaryOutputFormat;X;
org.apache.flink.api.common.io.BinaryOutputFormat$BlockBasedOutput;X;
org.apache.flink.api.common.io.BlockInfo;X;
org.apache.flink.api.common.io.CheckpointableInputFormat;X;
org.apache.flink.api.common.io.CleanupWhenUnsuccessful;X;
org.apache.flink.api.common.io.DefaultInputSplitAssigner;X;
org.apache.flink.api.common.io.DelimitedInputFormat;X;
org.apache.flink.api.common.io.FileInputFormat;X;
org.apache.flink.api.common.io.FileInputFormat$FileBaseStatistics;X;
org.apache.flink.api.common.io.FileInputFormat$InputSplitOpenThread;X;
org.apache.flink.api.common.io.FileOutputFormat;X;
org.apache.flink.api.common.io.FilePathFilter;X;
org.apache.flink.api.common.io.FilePathFilter$DefaultFilter;X;
org.apache.flink.api.common.io.FinalizeOnMaster;X;
org.apache.flink.api.common.io.GenericCsvInputFormat;X;
org.apache.flink.api.common.io.GenericInputFormat;X;
org.apache.flink.api.common.io.GlobFilePathFilter;X;
org.apache.flink.api.common.io.InitializeOnMaster;X;
org.apache.flink.api.common.io.InputFormat;X;
org.apache.flink.api.common.io.InputStreamFSInputWrapper;X;
org.apache.flink.api.common.io.LocatableInputSplitAssigner;X;
org.apache.flink.api.common.io.LocatableInputSplitAssigner$LocatableInputSplitChooser;X;
org.apache.flink.api.common.io.LocatableInputSplitAssigner$LocatableInputSplitWithCount;X;
org.apache.flink.api.common.io.NonParallelInput;X;
org.apache.flink.api.common.io.OutputFormat;X;
org.apache.flink.api.common.io.ParseException;X;
org.apache.flink.api.common.io.ReplicatingInputFormat;X;
org.apache.flink.api.common.io.ReplicatingInputSplitAssigner;X;
org.apache.flink.api.common.io.RichInputFormat;X;
org.apache.flink.api.common.io.RichOutputFormat;X;
org.apache.flink.api.common.io.SerializedInputFormat;X;
org.apache.flink.api.common.io.SerializedOutputFormat;X;
org.apache.flink.api.common.io.compression.Bzip2InputStreamFactory;X;
org.apache.flink.api.common.io.compression.DeflateInflaterInputStreamFactory;X;
org.apache.flink.api.common.io.compression.GzipInflaterInputStreamFactory;X;
org.apache.flink.api.common.io.compression.InflaterInputStreamFactory;X;
org.apache.flink.api.common.io.compression.XZInputStreamFactory;X;
org.apache.flink.api.common.io.ratelimiting.FlinkConnectorRateLimiter;X;
org.apache.flink.api.common.io.ratelimiting.GuavaFlinkConnectorRateLimiter;X;
org.apache.flink.api.common.io.statistics.BaseStatistics;X;
org.apache.flink.api.common.operators.AbstractUdfOperator;X;
org.apache.flink.api.common.operators.BinaryOperatorInformation;X;
org.apache.flink.api.common.operators.CollectionExecutor;X;
org.apache.flink.api.common.operators.CollectionExecutor$CompletedFuture;X;
org.apache.flink.api.common.operators.CollectionExecutor$DynamicPathCollector;X;
org.apache.flink.api.common.operators.CollectionExecutor$IterationRuntimeUDFContext;X;
org.apache.flink.api.common.operators.CompilerHints;X;
org.apache.flink.api.common.operators.DualInputOperator;X;
org.apache.flink.api.common.operators.DualInputSemanticProperties;X;
org.apache.flink.api.common.operators.GenericDataSinkBase;X;
org.apache.flink.api.common.operators.GenericDataSourceBase;X;
org.apache.flink.api.common.operators.GenericDataSourceBase$SplitDataProperties;X;
org.apache.flink.api.common.operators.IterationOperator;X;
org.apache.flink.api.common.operators.Keys;X;
org.apache.flink.api.common.operators.Keys$ExpressionKeys;X;
org.apache.flink.api.common.operators.Keys$IncompatibleKeysException;X;
org.apache.flink.api.common.operators.Keys$SelectorFunctionKeys;X;
org.apache.flink.api.common.operators.Operator;X;
org.apache.flink.api.common.operators.OperatorInformation;X;
org.apache.flink.api.common.operators.Ordering;X;
org.apache.flink.api.common.operators.ResourceSpec;X;
org.apache.flink.api.common.operators.ResourceSpec$Builder;X;
org.apache.flink.api.common.operators.SemanticProperties;X;
org.apache.flink.api.common.operators.SemanticProperties$EmptySemanticProperties;X;
org.apache.flink.api.common.operators.SemanticProperties$InvalidSemanticAnnotationException;X;
org.apache.flink.api.common.operators.SingleInputOperator;X;
org.apache.flink.api.common.operators.SingleInputSemanticProperties;X;
org.apache.flink.api.common.operators.SingleInputSemanticProperties$AllFieldsForwardedProperties;X;
org.apache.flink.api.common.operators.UnaryOperatorInformation;X;
org.apache.flink.api.common.operators.Union;X;
org.apache.flink.api.common.operators.base.BulkIterationBase;X;
org.apache.flink.api.common.operators.base.BulkIterationBase$PartialSolutionPlaceHolder;X;
org.apache.flink.api.common.operators.base.BulkIterationBase$TerminationCriterionAggregationConvergence;X;
org.apache.flink.api.common.operators.base.BulkIterationBase$TerminationCriterionAggregator;X;
org.apache.flink.api.common.operators.base.BulkIterationBase$TerminationCriterionMapper;X;
org.apache.flink.api.common.operators.base.CoGroupOperatorBase;X;
org.apache.flink.api.common.operators.base.CoGroupOperatorBase$CoGroupSortListIterator;X;
org.apache.flink.api.common.operators.base.CoGroupRawOperatorBase;X;
org.apache.flink.api.common.operators.base.CoGroupRawOperatorBase$SimpleListIterable;X;
org.apache.flink.api.common.operators.base.CoGroupRawOperatorBase$SimpleListIterable$SimpleListIterator;X;
org.apache.flink.api.common.operators.base.CrossOperatorBase;X;
org.apache.flink.api.common.operators.base.CrossOperatorBase$CrossWithLarge;X;
org.apache.flink.api.common.operators.base.CrossOperatorBase$CrossWithSmall;X;
org.apache.flink.api.common.operators.base.DeltaIterationBase;X;
org.apache.flink.api.common.operators.base.DeltaIterationBase$SolutionSetPlaceHolder;X;
org.apache.flink.api.common.operators.base.DeltaIterationBase$WorksetPlaceHolder;X;
org.apache.flink.api.common.operators.base.FilterOperatorBase;X;
org.apache.flink.api.common.operators.base.FlatMapOperatorBase;X;
org.apache.flink.api.common.operators.base.GroupCombineOperatorBase;X;
org.apache.flink.api.common.operators.base.GroupReduceOperatorBase;X;
org.apache.flink.api.common.operators.base.InnerJoinOperatorBase;X;
org.apache.flink.api.common.operators.base.JoinOperatorBase;X;
org.apache.flink.api.common.operators.base.MapOperatorBase;X;
org.apache.flink.api.common.operators.base.MapPartitionOperatorBase;X;
org.apache.flink.api.common.operators.base.OuterJoinOperatorBase;X;
org.apache.flink.api.common.operators.base.OuterJoinOperatorBase$OuterJoinListIterator;X;
org.apache.flink.api.common.operators.base.PartitionOperatorBase;X;
org.apache.flink.api.common.operators.base.ReduceOperatorBase;X;
org.apache.flink.api.common.operators.base.SortPartitionOperatorBase;X;
org.apache.flink.api.common.operators.util.FieldList;X;
org.apache.flink.api.common.operators.util.FieldSet;X;
org.apache.flink.api.common.operators.util.JoinHashMap;X;
org.apache.flink.api.common.operators.util.JoinHashMap$Prober;X;
org.apache.flink.api.common.operators.util.ListKeyGroupedIterator;X;
org.apache.flink.api.common.operators.util.ListKeyGroupedIterator$ValuesIterator;X;
org.apache.flink.api.common.operators.util.TypeComparable;X;
org.apache.flink.api.common.operators.util.UserCodeClassWrapper;X;
org.apache.flink.api.common.operators.util.UserCodeObjectWrapper;X;
org.apache.flink.api.common.operators.util.UserCodeWrapper;X;
org.apache.flink.api.common.resources.GPUResource;X;
org.apache.flink.api.common.resources.Resource;X;
org.apache.flink.api.common.restartstrategy.RestartStrategies;X;
org.apache.flink.api.common.restartstrategy.RestartStrategies$FailureRateRestartStrategyConfiguration;X;
org.apache.flink.api.common.restartstrategy.RestartStrategies$FallbackRestartStrategyConfiguration;X;
org.apache.flink.api.common.restartstrategy.RestartStrategies$FixedDelayRestartStrategyConfiguration;X;
org.apache.flink.api.common.restartstrategy.RestartStrategies$NoRestartStrategyConfiguration;X;
org.apache.flink.api.common.restartstrategy.RestartStrategies$RestartStrategyConfiguration;X;
org.apache.flink.api.common.serialization.AbstractDeserializationSchema;X;
org.apache.flink.api.common.serialization.BulkWriter;X;
org.apache.flink.api.common.serialization.BulkWriter$Factory;X;
org.apache.flink.api.common.serialization.DeserializationSchema;X;
org.apache.flink.api.common.serialization.Encoder;X;
org.apache.flink.api.common.serialization.SerializationSchema;X;
org.apache.flink.api.common.serialization.SimpleStringEncoder;X;
org.apache.flink.api.common.serialization.SimpleStringSchema;X;
org.apache.flink.api.common.serialization.TypeInformationSerializationSchema;X;
org.apache.flink.api.common.state.AggregatingState;X;
org.apache.flink.api.common.state.AggregatingStateDescriptor;X;
org.apache.flink.api.common.state.AppendingState;X;
org.apache.flink.api.common.state.BroadcastState;X;
org.apache.flink.api.common.state.FoldingState;X;
org.apache.flink.api.common.state.FoldingStateDescriptor;X;
org.apache.flink.api.common.state.KeyedStateStore;X;
org.apache.flink.api.common.state.ListState;X;
org.apache.flink.api.common.state.ListStateDescriptor;X;
org.apache.flink.api.common.state.MapState;X;
org.apache.flink.api.common.state.MapStateDescriptor;X;
org.apache.flink.api.common.state.MergingState;X;
org.apache.flink.api.common.state.OperatorStateStore;X;
org.apache.flink.api.common.state.ReadOnlyBroadcastState;X;
org.apache.flink.api.common.state.ReducingState;X;
org.apache.flink.api.common.state.ReducingStateDescriptor;X;
org.apache.flink.api.common.state.State;X;
org.apache.flink.api.common.state.StateDescriptor;X;
org.apache.flink.api.common.state.StateTtlConfig;X;
org.apache.flink.api.common.state.StateTtlConfig$Builder;X;
org.apache.flink.api.common.state.StateTtlConfig$CleanupStrategies;X;
org.apache.flink.api.common.state.StateTtlConfig$CleanupStrategies$CleanupStrategy;X;
org.apache.flink.api.common.state.StateTtlConfig$CleanupStrategies$EmptyCleanupStrategy;X;
org.apache.flink.api.common.state.StateTtlConfig$IncrementalCleanupStrategy;X;
org.apache.flink.api.common.state.StateTtlConfig$RocksdbCompactFilterCleanupStrategy;X;
org.apache.flink.api.common.state.ValueState;X;
org.apache.flink.api.common.state.ValueStateDescriptor;X;
org.apache.flink.api.common.time.Deadline;X;
org.apache.flink.api.common.time.Time;X;
org.apache.flink.api.common.typeinfo.AtomicType;X;
org.apache.flink.api.common.typeinfo.BasicArrayTypeInfo;X;
org.apache.flink.api.common.typeinfo.BasicTypeInfo;X;
org.apache.flink.api.common.typeinfo.FractionalTypeInfo;X;
org.apache.flink.api.common.typeinfo.IntegerTypeInfo;X;
org.apache.flink.api.common.typeinfo.LocalTimeTypeInfo;X;
org.apache.flink.api.common.typeinfo.NothingTypeInfo;X;
org.apache.flink.api.common.typeinfo.NumericTypeInfo;X;
org.apache.flink.api.common.typeinfo.PrimitiveArrayTypeInfo;X;
org.apache.flink.api.common.typeinfo.SqlTimeTypeInfo;X;
org.apache.flink.api.common.typeinfo.TypeHint;X;
org.apache.flink.api.common.typeinfo.TypeInfoFactory;X;
org.apache.flink.api.common.typeinfo.TypeInformation;X;
org.apache.flink.api.common.typeinfo.Types;X;
org.apache.flink.api.common.typeutils.BackwardsCompatibleSerializerSnapshot;X;
org.apache.flink.api.common.typeutils.CompositeSerializer;X;
org.apache.flink.api.common.typeutils.CompositeSerializer$ConfigSnapshot;X;
org.apache.flink.api.common.typeutils.CompositeSerializer$PrecomputedParameters;X;
org.apache.flink.api.common.typeutils.CompositeType;X;
org.apache.flink.api.common.typeutils.CompositeType$FlatFieldDescriptor;X;
org.apache.flink.api.common.typeutils.CompositeType$InvalidFieldReferenceException;X;
org.apache.flink.api.common.typeutils.CompositeType$TypeComparatorBuilder;X;
org.apache.flink.api.common.typeutils.CompositeTypeComparator;X;
org.apache.flink.api.common.typeutils.CompositeTypeSerializerConfigSnapshot;X;
org.apache.flink.api.common.typeutils.CompositeTypeSerializerSnapshot;X;
org.apache.flink.api.common.typeutils.CompositeTypeSerializerUtil;X;
org.apache.flink.api.common.typeutils.CompositeTypeSerializerUtil$IntermediateCompatibilityResult;X;
org.apache.flink.api.common.typeutils.GenericPairComparator;X;
org.apache.flink.api.common.typeutils.GenericTypeSerializerConfigSnapshot;X;
org.apache.flink.api.common.typeutils.GenericTypeSerializerSnapshot;X;
org.apache.flink.api.common.typeutils.LegacySerializerSnapshotTransformer;X;
org.apache.flink.api.common.typeutils.NestedSerializersSnapshotDelegate;X;
org.apache.flink.api.common.typeutils.ParameterlessTypeSerializerConfig;X;
org.apache.flink.api.common.typeutils.SameTypePairComparator;X;
org.apache.flink.api.common.typeutils.SimpleTypeSerializerSnapshot;X;
org.apache.flink.api.common.typeutils.SingleThreadAccessCheckingTypeSerializer;X;
org.apache.flink.api.common.typeutils.SingleThreadAccessCheckingTypeSerializer$SingleThreadAccessCheck;X;
org.apache.flink.api.common.typeutils.SingleThreadAccessCheckingTypeSerializer$SingleThreadAccessChecker;X;
org.apache.flink.api.common.typeutils.SingleThreadAccessCheckingTypeSerializer$SingleThreadAccessCheckingTypeSerializerSnapshot;X;
org.apache.flink.api.common.typeutils.TypeComparator;X;
org.apache.flink.api.common.typeutils.TypeComparatorFactory;X;
org.apache.flink.api.common.typeutils.TypePairComparator;X;
org.apache.flink.api.common.typeutils.TypePairComparatorFactory;X;
org.apache.flink.api.common.typeutils.TypeSerializer;X;
org.apache.flink.api.common.typeutils.TypeSerializerConfigSnapshot;X;
org.apache.flink.api.common.typeutils.TypeSerializerConfigSnapshot$SelfResolvingTypeSerializer;X;
org.apache.flink.api.common.typeutils.TypeSerializerFactory;X;
org.apache.flink.api.common.typeutils.TypeSerializerSchemaCompatibility;X;
org.apache.flink.api.common.typeutils.TypeSerializerSerializationUtil;X;
org.apache.flink.api.common.typeutils.TypeSerializerSerializationUtil$TypeSerializerSerializationProxy;X;
org.apache.flink.api.common.typeutils.TypeSerializerSerializationUtil$UnloadableTypeSerializerException;X;
org.apache.flink.api.common.typeutils.TypeSerializerSnapshot;X;
org.apache.flink.api.common.typeutils.TypeSerializerSnapshotSerializationUtil;X;
org.apache.flink.api.common.typeutils.TypeSerializerSnapshotSerializationUtil$TypeSerializerSnapshotSerializationProxy;X;
org.apache.flink.api.common.typeutils.TypeSerializerUtils;X;
org.apache.flink.api.common.typeutils.UnloadableDummyTypeSerializer;X;
org.apache.flink.api.common.typeutils.base.BasicTypeComparator;X;
org.apache.flink.api.common.typeutils.base.BigDecComparator;X;
org.apache.flink.api.common.typeutils.base.BigDecSerializer;X;
org.apache.flink.api.common.typeutils.base.BigDecSerializer$BigDecSerializerSnapshot;X;
org.apache.flink.api.common.typeutils.base.BigIntComparator;X;
org.apache.flink.api.common.typeutils.base.BigIntSerializer;X;
org.apache.flink.api.common.typeutils.base.BigIntSerializer$BigIntSerializerSnapshot;X;
org.apache.flink.api.common.typeutils.base.BooleanComparator;X;
org.apache.flink.api.common.typeutils.base.BooleanSerializer;X;
org.apache.flink.api.common.typeutils.base.BooleanSerializer$BooleanSerializerSnapshot;X;
org.apache.flink.api.common.typeutils.base.BooleanValueComparator;X;
org.apache.flink.api.common.typeutils.base.BooleanValueSerializer;X;
org.apache.flink.api.common.typeutils.base.BooleanValueSerializer$BooleanValueSerializerSnapshot;X;
org.apache.flink.api.common.typeutils.base.ByteComparator;X;
org.apache.flink.api.common.typeutils.base.ByteSerializer;X;
org.apache.flink.api.common.typeutils.base.ByteSerializer$ByteSerializerSnapshot;X;
org.apache.flink.api.common.typeutils.base.ByteValueComparator;X;
org.apache.flink.api.common.typeutils.base.ByteValueSerializer;X;
org.apache.flink.api.common.typeutils.base.ByteValueSerializer$ByteValueSerializerSnapshot;X;
org.apache.flink.api.common.typeutils.base.CharComparator;X;
org.apache.flink.api.common.typeutils.base.CharSerializer;X;
org.apache.flink.api.common.typeutils.base.CharSerializer$CharSerializerSnapshot;X;
org.apache.flink.api.common.typeutils.base.CharValueComparator;X;
org.apache.flink.api.common.typeutils.base.CharValueSerializer;X;
org.apache.flink.api.common.typeutils.base.CharValueSerializer$CharValueSerializerSnapshot;X;
org.apache.flink.api.common.typeutils.base.CollectionSerializerConfigSnapshot;X;
org.apache.flink.api.common.typeutils.base.DateComparator;X;
org.apache.flink.api.common.typeutils.base.DateSerializer;X;
org.apache.flink.api.common.typeutils.base.DateSerializer$DateSerializerSnapshot;X;
org.apache.flink.api.common.typeutils.base.DoubleComparator;X;
org.apache.flink.api.common.typeutils.base.DoubleSerializer;X;
org.apache.flink.api.common.typeutils.base.DoubleSerializer$DoubleSerializerSnapshot;X;
org.apache.flink.api.common.typeutils.base.DoubleValueComparator;X;
org.apache.flink.api.common.typeutils.base.DoubleValueSerializer;X;
org.apache.flink.api.common.typeutils.base.DoubleValueSerializer$DoubleValueSerializerSnapshot;X;
org.apache.flink.api.common.typeutils.base.EnumComparator;X;
org.apache.flink.api.common.typeutils.base.EnumSerializer;X;
org.apache.flink.api.common.typeutils.base.EnumSerializer$EnumSerializerConfigSnapshot;X;
org.apache.flink.api.common.typeutils.base.EnumSerializer$EnumSerializerSnapshot;X;
org.apache.flink.api.common.typeutils.base.FloatComparator;X;
org.apache.flink.api.common.typeutils.base.FloatSerializer;X;
org.apache.flink.api.common.typeutils.base.FloatSerializer$FloatSerializerSnapshot;X;
org.apache.flink.api.common.typeutils.base.FloatValueComparator;X;
org.apache.flink.api.common.typeutils.base.FloatValueSerializer;X;
org.apache.flink.api.common.typeutils.base.FloatValueSerializer$FloatValueSerializerSnapshot;X;
org.apache.flink.api.common.typeutils.base.GenericArraySerializer;X;
org.apache.flink.api.common.typeutils.base.GenericArraySerializerConfigSnapshot;X;
org.apache.flink.api.common.typeutils.base.GenericArraySerializerSnapshot;X;
org.apache.flink.api.common.typeutils.base.InstantComparator;X;
org.apache.flink.api.common.typeutils.base.InstantSerializer;X;
org.apache.flink.api.common.typeutils.base.InstantSerializer$InstantSerializerSnapshot;X;
org.apache.flink.api.common.typeutils.base.IntComparator;X;
org.apache.flink.api.common.typeutils.base.IntSerializer;X;
org.apache.flink.api.common.typeutils.base.IntSerializer$IntSerializerSnapshot;X;
org.apache.flink.api.common.typeutils.base.IntValueComparator;X;
org.apache.flink.api.common.typeutils.base.IntValueSerializer;X;
org.apache.flink.api.common.typeutils.base.IntValueSerializer$IntValueSerializerSnapshot;X;
org.apache.flink.api.common.typeutils.base.ListSerializer;X;
org.apache.flink.api.common.typeutils.base.ListSerializerSnapshot;X;
org.apache.flink.api.common.typeutils.base.LocalDateComparator;X;
org.apache.flink.api.common.typeutils.base.LocalDateSerializer;X;
org.apache.flink.api.common.typeutils.base.LocalDateSerializer$LocalDateSerializerSnapshot;X;
org.apache.flink.api.common.typeutils.base.LocalDateTimeComparator;X;
org.apache.flink.api.common.typeutils.base.LocalDateTimeSerializer;X;
org.apache.flink.api.common.typeutils.base.LocalDateTimeSerializer$LocalDateTimeSerializerSnapshot;X;
org.apache.flink.api.common.typeutils.base.LocalTimeComparator;X;
org.apache.flink.api.common.typeutils.base.LocalTimeSerializer;X;
org.apache.flink.api.common.typeutils.base.LocalTimeSerializer$LocalTimeSerializerSnapshot;X;
org.apache.flink.api.common.typeutils.base.LongComparator;X;
org.apache.flink.api.common.typeutils.base.LongSerializer;X;
org.apache.flink.api.common.typeutils.base.LongSerializer$LongSerializerSnapshot;X;
org.apache.flink.api.common.typeutils.base.LongValueComparator;X;
org.apache.flink.api.common.typeutils.base.LongValueSerializer;X;
org.apache.flink.api.common.typeutils.base.LongValueSerializer$LongValueSerializerSnapshot;X;
org.apache.flink.api.common.typeutils.base.MapSerializer;X;
org.apache.flink.api.common.typeutils.base.MapSerializerConfigSnapshot;X;
org.apache.flink.api.common.typeutils.base.MapSerializerSnapshot;X;
org.apache.flink.api.common.typeutils.base.NormalizedKeyUtil;X;
org.apache.flink.api.common.typeutils.base.NullValueComparator;X;
org.apache.flink.api.common.typeutils.base.NullValueSerializer;X;
org.apache.flink.api.common.typeutils.base.NullValueSerializer$NullValueSerializerSnapshot;X;
org.apache.flink.api.common.typeutils.base.ShortComparator;X;
org.apache.flink.api.common.typeutils.base.ShortSerializer;X;
org.apache.flink.api.common.typeutils.base.ShortSerializer$ShortSerializerSnapshot;X;
org.apache.flink.api.common.typeutils.base.ShortValueComparator;X;
org.apache.flink.api.common.typeutils.base.ShortValueSerializer;X;
org.apache.flink.api.common.typeutils.base.ShortValueSerializer$ShortValueSerializerSnapshot;X;
org.apache.flink.api.common.typeutils.base.SqlDateSerializer;X;
org.apache.flink.api.common.typeutils.base.SqlDateSerializer$SqlDateSerializerSnapshot;X;
org.apache.flink.api.common.typeutils.base.SqlTimeSerializer;X;
org.apache.flink.api.common.typeutils.base.SqlTimeSerializer$SqlTimeSerializerSnapshot;X;
org.apache.flink.api.common.typeutils.base.SqlTimestampComparator;X;
org.apache.flink.api.common.typeutils.base.SqlTimestampSerializer;X;
org.apache.flink.api.common.typeutils.base.SqlTimestampSerializer$SqlTimestampSerializerSnapshot;X;
org.apache.flink.api.common.typeutils.base.StringComparator;X;
org.apache.flink.api.common.typeutils.base.StringSerializer;X;
org.apache.flink.api.common.typeutils.base.StringSerializer$StringSerializerSnapshot;X;
org.apache.flink.api.common.typeutils.base.StringValueComparator;X;
org.apache.flink.api.common.typeutils.base.StringValueSerializer;X;
org.apache.flink.api.common.typeutils.base.StringValueSerializer$StringValueSerializerSnapshot;X;
org.apache.flink.api.common.typeutils.base.TypeSerializerSingleton;X;
org.apache.flink.api.common.typeutils.base.VoidSerializer;X;
org.apache.flink.api.common.typeutils.base.VoidSerializer$VoidSerializerSnapshot;X;
org.apache.flink.api.common.typeutils.base.array.BooleanPrimitiveArrayComparator;X;
org.apache.flink.api.common.typeutils.base.array.BooleanPrimitiveArraySerializer;X;
org.apache.flink.api.common.typeutils.base.array.BooleanPrimitiveArraySerializer$BooleanPrimitiveArraySerializerSnapshot;X;
org.apache.flink.api.common.typeutils.base.array.BytePrimitiveArrayComparator;X;
org.apache.flink.api.common.typeutils.base.array.BytePrimitiveArraySerializer;X;
org.apache.flink.api.common.typeutils.base.array.BytePrimitiveArraySerializer$BytePrimitiveArraySerializerSnapshot;X;
org.apache.flink.api.common.typeutils.base.array.CharPrimitiveArrayComparator;X;
org.apache.flink.api.common.typeutils.base.array.CharPrimitiveArraySerializer;X;
org.apache.flink.api.common.typeutils.base.array.CharPrimitiveArraySerializer$CharPrimitiveArraySerializerSnapshot;X;
org.apache.flink.api.common.typeutils.base.array.DoublePrimitiveArrayComparator;X;
org.apache.flink.api.common.typeutils.base.array.DoublePrimitiveArraySerializer;X;
org.apache.flink.api.common.typeutils.base.array.DoublePrimitiveArraySerializer$DoublePrimitiveArraySerializerSnapshot;X;
org.apache.flink.api.common.typeutils.base.array.FloatPrimitiveArrayComparator;X;
org.apache.flink.api.common.typeutils.base.array.FloatPrimitiveArraySerializer;X;
org.apache.flink.api.common.typeutils.base.array.FloatPrimitiveArraySerializer$FloatPrimitiveArraySerializerSnapshot;X;
org.apache.flink.api.common.typeutils.base.array.IntPrimitiveArrayComparator;X;
org.apache.flink.api.common.typeutils.base.array.IntPrimitiveArraySerializer;X;
org.apache.flink.api.common.typeutils.base.array.IntPrimitiveArraySerializer$IntPrimitiveArraySerializerSnapshot;X;
org.apache.flink.api.common.typeutils.base.array.LongPrimitiveArrayComparator;X;
org.apache.flink.api.common.typeutils.base.array.LongPrimitiveArraySerializer;X;
org.apache.flink.api.common.typeutils.base.array.LongPrimitiveArraySerializer$LongPrimitiveArraySerializerSnapshot;X;
org.apache.flink.api.common.typeutils.base.array.PrimitiveArrayComparator;X;
org.apache.flink.api.common.typeutils.base.array.ShortPrimitiveArrayComparator;X;
org.apache.flink.api.common.typeutils.base.array.ShortPrimitiveArraySerializer;X;
org.apache.flink.api.common.typeutils.base.array.ShortPrimitiveArraySerializer$ShortPrimitiveArraySerializerSnapshot;X;
org.apache.flink.api.common.typeutils.base.array.StringArraySerializer;X;
org.apache.flink.api.common.typeutils.base.array.StringArraySerializer$StringArraySerializerSnapshot;X;
org.apache.flink.api.dag.Transformation;X;
org.apache.flink.api.java.functions.KeySelector;X;
org.apache.flink.api.java.functions.NullByteKeySelector;X;
org.apache.flink.api.java.tuple.Tuple;X;
org.apache.flink.api.java.tuple.Tuple0;X;
org.apache.flink.api.java.tuple.Tuple1;X;
org.apache.flink.api.java.tuple.Tuple10;X;
org.apache.flink.api.java.tuple.Tuple11;X;
org.apache.flink.api.java.tuple.Tuple12;X;
org.apache.flink.api.java.tuple.Tuple13;X;
org.apache.flink.api.java.tuple.Tuple14;X;
org.apache.flink.api.java.tuple.Tuple15;X;
org.apache.flink.api.java.tuple.Tuple16;X;
org.apache.flink.api.java.tuple.Tuple17;X;
org.apache.flink.api.java.tuple.Tuple18;X;
org.apache.flink.api.java.tuple.Tuple19;X;
org.apache.flink.api.java.tuple.Tuple2;X;
org.apache.flink.api.java.tuple.Tuple20;X;
org.apache.flink.api.java.tuple.Tuple21;X;
org.apache.flink.api.java.tuple.Tuple22;X;
org.apache.flink.api.java.tuple.Tuple23;X;
org.apache.flink.api.java.tuple.Tuple24;X;
org.apache.flink.api.java.tuple.Tuple25;X;
org.apache.flink.api.java.tuple.Tuple3;X;
org.apache.flink.api.java.tuple.Tuple4;X;
org.apache.flink.api.java.tuple.Tuple5;X;
org.apache.flink.api.java.tuple.Tuple6;X;
org.apache.flink.api.java.tuple.Tuple7;X;
org.apache.flink.api.java.tuple.Tuple8;X;
org.apache.flink.api.java.tuple.Tuple9;X;
org.apache.flink.api.java.tuple.builder.Tuple0Builder;X;
org.apache.flink.api.java.tuple.builder.Tuple10Builder;X;
org.apache.flink.api.java.tuple.builder.Tuple11Builder;X;
org.apache.flink.api.java.tuple.builder.Tuple12Builder;X;
org.apache.flink.api.java.tuple.builder.Tuple13Builder;X;
org.apache.flink.api.java.tuple.builder.Tuple14Builder;X;
org.apache.flink.api.java.tuple.builder.Tuple15Builder;X;
org.apache.flink.api.java.tuple.builder.Tuple16Builder;X;
org.apache.flink.api.java.tuple.builder.Tuple17Builder;X;
org.apache.flink.api.java.tuple.builder.Tuple18Builder;X;
org.apache.flink.api.java.tuple.builder.Tuple19Builder;X;
org.apache.flink.api.java.tuple.builder.Tuple1Builder;X;
org.apache.flink.api.java.tuple.builder.Tuple20Builder;X;
org.apache.flink.api.java.tuple.builder.Tuple21Builder;X;
org.apache.flink.api.java.tuple.builder.Tuple22Builder;X;
org.apache.flink.api.java.tuple.builder.Tuple23Builder;X;
org.apache.flink.api.java.tuple.builder.Tuple24Builder;X;
org.apache.flink.api.java.tuple.builder.Tuple25Builder;X;
org.apache.flink.api.java.tuple.builder.Tuple2Builder;X;
org.apache.flink.api.java.tuple.builder.Tuple3Builder;X;
org.apache.flink.api.java.tuple.builder.Tuple4Builder;X;
org.apache.flink.api.java.tuple.builder.Tuple5Builder;X;
org.apache.flink.api.java.tuple.builder.Tuple6Builder;X;
org.apache.flink.api.java.tuple.builder.Tuple7Builder;X;
org.apache.flink.api.java.tuple.builder.Tuple8Builder;X;
org.apache.flink.api.java.tuple.builder.Tuple9Builder;X;
org.apache.flink.api.java.typeutils.AvroUtils;X;
org.apache.flink.api.java.typeutils.AvroUtils$DefaultAvroUtils;X;
org.apache.flink.api.java.typeutils.EitherTypeInfo;X;
org.apache.flink.api.java.typeutils.EitherTypeInfoFactory;X;
org.apache.flink.api.java.typeutils.EnumTypeInfo;X;
org.apache.flink.api.java.typeutils.GenericTypeInfo;X;
org.apache.flink.api.java.typeutils.InputTypeConfigurable;X;
org.apache.flink.api.java.typeutils.ListTypeInfo;X;
org.apache.flink.api.java.typeutils.MapTypeInfo;X;
org.apache.flink.api.java.typeutils.MissingTypeInfo;X;
org.apache.flink.api.java.typeutils.MultisetTypeInfo;X;
org.apache.flink.api.java.typeutils.ObjectArrayTypeInfo;X;
org.apache.flink.api.java.typeutils.PojoField;X;
org.apache.flink.api.java.typeutils.PojoTypeInfo;X;
org.apache.flink.api.java.typeutils.PojoTypeInfo$NamedFlatFieldDescriptor;X;
org.apache.flink.api.java.typeutils.PojoTypeInfo$PojoTypeComparatorBuilder;X;
org.apache.flink.api.java.typeutils.ResultTypeQueryable;X;
org.apache.flink.api.java.typeutils.RowTypeInfo;X;
org.apache.flink.api.java.typeutils.RowTypeInfo$RowTypeComparatorBuilder;X;
org.apache.flink.api.java.typeutils.TupleTypeInfo;X;
org.apache.flink.api.java.typeutils.TupleTypeInfo$TupleTypeComparatorBuilder;X;
org.apache.flink.api.java.typeutils.TupleTypeInfoBase;X;
org.apache.flink.api.java.typeutils.TypeExtractionException;X;
org.apache.flink.api.java.typeutils.TypeExtractionUtils;X;
org.apache.flink.api.java.typeutils.TypeExtractionUtils$LambdaExecutable;X;
org.apache.flink.api.java.typeutils.TypeExtractor;X;
org.apache.flink.api.java.typeutils.ValueTypeInfo;X;
org.apache.flink.api.java.typeutils.runtime.CopyableValueComparator;X;
org.apache.flink.api.java.typeutils.runtime.CopyableValueSerializer;X;
org.apache.flink.api.java.typeutils.runtime.CopyableValueSerializer$CopyableValueSerializerConfigSnapshot;X;
org.apache.flink.api.java.typeutils.runtime.CopyableValueSerializer$CopyableValueSerializerSnapshot;X;
org.apache.flink.api.java.typeutils.runtime.DataInputViewStream;X;
org.apache.flink.api.java.typeutils.runtime.DataOutputViewStream;X;
org.apache.flink.api.java.typeutils.runtime.EitherSerializer;X;
org.apache.flink.api.java.typeutils.runtime.EitherSerializerConfigSnapshot;X;
org.apache.flink.api.java.typeutils.runtime.EitherSerializerSnapshot;X;
org.apache.flink.api.java.typeutils.runtime.FieldSerializer;X;
org.apache.flink.api.java.typeutils.runtime.GenericTypeComparator;X;
org.apache.flink.api.java.typeutils.runtime.JavaEitherSerializerSnapshot;X;
org.apache.flink.api.java.typeutils.runtime.KryoRegistration;X;
org.apache.flink.api.java.typeutils.runtime.KryoRegistrationSerializerConfigSnapshot;X;
org.apache.flink.api.java.typeutils.runtime.KryoRegistrationSerializerConfigSnapshot$DummyKryoSerializerClass;X;
org.apache.flink.api.java.typeutils.runtime.KryoRegistrationSerializerConfigSnapshot$DummyRegisteredClass;X;
org.apache.flink.api.java.typeutils.runtime.KryoRegistrationSerializerConfigSnapshot$KryoRegistrationSerializationProxy;X;
org.apache.flink.api.java.typeutils.runtime.KryoUtils;X;
org.apache.flink.api.java.typeutils.runtime.NoFetchingInput;X;
org.apache.flink.api.java.typeutils.runtime.NullAwareComparator;X;
org.apache.flink.api.java.typeutils.runtime.NullMaskUtils;X;
org.apache.flink.api.java.typeutils.runtime.NullableSerializer;X;
org.apache.flink.api.java.typeutils.runtime.NullableSerializer$NullableSerializerConfigSnapshot;X;
org.apache.flink.api.java.typeutils.runtime.NullableSerializer$NullableSerializerSnapshot;X;
org.apache.flink.api.java.typeutils.runtime.PojoComparator;X;
org.apache.flink.api.java.typeutils.runtime.PojoFieldUtils;X;
org.apache.flink.api.java.typeutils.runtime.PojoSerializer;X;
org.apache.flink.api.java.typeutils.runtime.PojoSerializer$PojoSerializerConfigSnapshot;X;
org.apache.flink.api.java.typeutils.runtime.PojoSerializerSnapshot;X;
org.apache.flink.api.java.typeutils.runtime.PojoSerializerSnapshotData;X;
org.apache.flink.api.java.typeutils.runtime.RowComparator;X;
org.apache.flink.api.java.typeutils.runtime.RowSerializer;X;
org.apache.flink.api.java.typeutils.runtime.RowSerializer$RowSerializerConfigSnapshot;X;
org.apache.flink.api.java.typeutils.runtime.RowSerializer$RowSerializerSnapshot;X;
org.apache.flink.api.java.typeutils.runtime.RuntimeComparatorFactory;X;
org.apache.flink.api.java.typeutils.runtime.RuntimePairComparatorFactory;X;
org.apache.flink.api.java.typeutils.runtime.RuntimeSerializerFactory;X;
org.apache.flink.api.java.typeutils.runtime.Tuple0Serializer;X;
org.apache.flink.api.java.typeutils.runtime.Tuple0SerializerSnapshot;X;
org.apache.flink.api.java.typeutils.runtime.TupleComparator;X;
org.apache.flink.api.java.typeutils.runtime.TupleComparatorBase;X;
org.apache.flink.api.java.typeutils.runtime.TupleSerializer;X;
org.apache.flink.api.java.typeutils.runtime.TupleSerializerBase;X;
org.apache.flink.api.java.typeutils.runtime.TupleSerializerConfigSnapshot;X;
org.apache.flink.api.java.typeutils.runtime.TupleSerializerSnapshot;X;
org.apache.flink.api.java.typeutils.runtime.ValueComparator;X;
org.apache.flink.api.java.typeutils.runtime.ValueSerializer;X;
org.apache.flink.api.java.typeutils.runtime.ValueSerializer$ValueSerializerConfigSnapshot;X;
org.apache.flink.api.java.typeutils.runtime.ValueSerializer$ValueSerializerSnapshot;X;
org.apache.flink.api.java.typeutils.runtime.kryo.JavaSerializer;X;
org.apache.flink.api.java.typeutils.runtime.kryo.KryoSerializer;X;
org.apache.flink.api.java.typeutils.runtime.kryo.KryoSerializer$KryoSerializerConfigSnapshot;X;
org.apache.flink.api.java.typeutils.runtime.kryo.KryoSerializerDebugInitHelper;X;
org.apache.flink.api.java.typeutils.runtime.kryo.KryoSerializerSnapshot;X;
org.apache.flink.api.java.typeutils.runtime.kryo.KryoSerializerSnapshotData;X;
org.apache.flink.api.java.typeutils.runtime.kryo.KryoSerializerSnapshotData$ClassResolverByName;X;
org.apache.flink.api.java.typeutils.runtime.kryo.KryoSerializerSnapshotData$KryoRegistrationUtil;X;
org.apache.flink.api.java.typeutils.runtime.kryo.KryoSerializerSnapshotData$SerializeableSerializerResolver;X;
org.apache.flink.api.java.typeutils.runtime.kryo.MinlogForwarder;X;
org.apache.flink.api.java.typeutils.runtime.kryo.Serializers;X;
org.apache.flink.api.java.typeutils.runtime.kryo.Serializers$DummyAvroKryoSerializerClass;X;
org.apache.flink.api.java.typeutils.runtime.kryo.Serializers$DummyAvroRegisteredClass;X;
org.apache.flink.api.java.typeutils.runtime.kryo.Serializers$SpecificInstanceCollectionSerializer;X;
org.apache.flink.api.java.typeutils.runtime.kryo.Serializers$SpecificInstanceCollectionSerializerForArrayList;X;
org.apache.flink.configuration.AkkaOptions;X;
org.apache.flink.configuration.AlgorithmOptions;X;
org.apache.flink.configuration.BlobServerOptions;X;
org.apache.flink.configuration.CheckpointingOptions;X;
org.apache.flink.configuration.ClusterOptions;X;
org.apache.flink.configuration.ConfigConstants;X;
org.apache.flink.configuration.ConfigOption;X;
org.apache.flink.configuration.ConfigOptions;X;
org.apache.flink.configuration.ConfigOptions$OptionBuilder;X;
org.apache.flink.configuration.Configuration;X;
org.apache.flink.configuration.ConfigurationUtils;X;
org.apache.flink.configuration.CoreOptions;X;
org.apache.flink.configuration.DelegatingConfiguration;X;
org.apache.flink.configuration.FallbackKey;X;
org.apache.flink.configuration.GlobalConfiguration;X;
org.apache.flink.configuration.HeartbeatManagerOptions;X;
org.apache.flink.configuration.HighAvailabilityOptions;X;
org.apache.flink.configuration.HistoryServerOptions;X;
org.apache.flink.configuration.IllegalConfigurationException;X;
org.apache.flink.configuration.JobManagerOptions;X;
org.apache.flink.configuration.MemorySize;X;
org.apache.flink.configuration.MetricOptions;X;
org.apache.flink.configuration.NettyShuffleEnvironmentOptions;X;
org.apache.flink.configuration.OptimizerOptions;X;
org.apache.flink.configuration.QueryableStateOptions;X;
org.apache.flink.configuration.ResourceManagerOptions;X;
org.apache.flink.configuration.RestOptions;X;
org.apache.flink.configuration.RestartBackoffTimeStrategyOptions;X;
org.apache.flink.configuration.SecurityOptions;X;
org.apache.flink.configuration.TaskManagerOptions;X;
org.apache.flink.configuration.UnmodifiableConfiguration;X;
org.apache.flink.configuration.WebOptions;X;
org.apache.flink.configuration.description.BlockElement;X;
org.apache.flink.configuration.description.Description;X;
org.apache.flink.configuration.description.Description$DescriptionBuilder;X;
org.apache.flink.configuration.description.DescriptionElement;X;
org.apache.flink.configuration.description.Formatter;X;
org.apache.flink.configuration.description.HtmlFormatter;X;
org.apache.flink.configuration.description.InlineElement;X;
org.apache.flink.configuration.description.LineBreakElement;X;
org.apache.flink.configuration.description.LinkElement;X;
org.apache.flink.configuration.description.ListElement;X;
org.apache.flink.configuration.description.TextElement;X;
org.apache.flink.core.fs.BlockLocation;X;
org.apache.flink.core.fs.CloseableRegistry;X;
org.apache.flink.core.fs.ClosingFSDataInputStream;X;
org.apache.flink.core.fs.ClosingFSDataOutputStream;X;
org.apache.flink.core.fs.ConnectionLimitingFactory;X;
org.apache.flink.core.fs.EntropyInjectingFileSystem;X;
org.apache.flink.core.fs.EntropyInjector;X;
org.apache.flink.core.fs.FSDataInputStream;X;
org.apache.flink.core.fs.FSDataInputStreamWrapper;X;
org.apache.flink.core.fs.FSDataOutputStream;X;
org.apache.flink.core.fs.FSDataOutputStreamWrapper;X;
org.apache.flink.core.fs.FileInputSplit;X;
org.apache.flink.core.fs.FileStatus;X;
org.apache.flink.core.fs.FileSystem;X;
org.apache.flink.core.fs.FileSystem$FSKey;X;
org.apache.flink.core.fs.FileSystemFactory;X;
org.apache.flink.core.fs.FileSystemSafetyNet;X;
org.apache.flink.core.fs.LimitedConnectionsFileSystem;X;
org.apache.flink.core.fs.LimitedConnectionsFileSystem$ConnectionLimitingSettings;X;
org.apache.flink.core.fs.LimitedConnectionsFileSystem$InStream;X;
org.apache.flink.core.fs.LimitedConnectionsFileSystem$OutStream;X;
org.apache.flink.core.fs.LimitedConnectionsFileSystem$StreamProgressTracker;X;
org.apache.flink.core.fs.LimitedConnectionsFileSystem$StreamTimeoutException;X;
org.apache.flink.core.fs.LimitedConnectionsFileSystem$StreamWithTimeout;X;
org.apache.flink.core.fs.OutputStreamAndPath;X;
org.apache.flink.core.fs.Path;X;
org.apache.flink.core.fs.RecoverableFsDataOutputStream;X;
org.apache.flink.core.fs.RecoverableFsDataOutputStream$Committer;X;
org.apache.flink.core.fs.RecoverableWriter;X;
org.apache.flink.core.fs.RecoverableWriter$CommitRecoverable;X;
org.apache.flink.core.fs.RecoverableWriter$ResumeRecoverable;X;
org.apache.flink.core.fs.SafetyNetCloseableRegistry;X;
org.apache.flink.core.fs.SafetyNetCloseableRegistry$CloseableReaperThread;X;
org.apache.flink.core.fs.SafetyNetCloseableRegistry$PhantomDelegatingCloseableRef;X;
org.apache.flink.core.fs.SafetyNetWrapperFileSystem;X;
org.apache.flink.core.fs.UnsupportedFileSystemSchemeException;X;
org.apache.flink.core.fs.UnsupportedSchemeFactory;X;
org.apache.flink.core.fs.WrappingProxyCloseable;X;
org.apache.flink.core.fs.local.LocalBlockLocation;X;
org.apache.flink.core.fs.local.LocalDataInputStream;X;
org.apache.flink.core.fs.local.LocalDataOutputStream;X;
org.apache.flink.core.fs.local.LocalFileStatus;X;
org.apache.flink.core.fs.local.LocalFileSystem;X;
org.apache.flink.core.fs.local.LocalFileSystemFactory;X;
org.apache.flink.core.fs.local.LocalRecoverable;X;
org.apache.flink.core.fs.local.LocalRecoverableFsDataOutputStream;X;
org.apache.flink.core.fs.local.LocalRecoverableFsDataOutputStream$LocalCommitter;X;
org.apache.flink.core.fs.local.LocalRecoverableSerializer;X;
org.apache.flink.core.fs.local.LocalRecoverableWriter;X;
org.apache.flink.core.io.GenericInputSplit;X;
org.apache.flink.core.io.IOReadableWritable;X;
org.apache.flink.core.io.InputSplit;X;
org.apache.flink.core.io.InputSplitAssigner;X;
org.apache.flink.core.io.InputSplitSource;X;
org.apache.flink.core.io.LocatableInputSplit;X;
org.apache.flink.core.io.PostVersionedIOReadableWritable;X;
org.apache.flink.core.io.SimpleVersionedSerialization;X;
org.apache.flink.core.io.SimpleVersionedSerializer;X;
org.apache.flink.core.io.VersionMismatchException;X;
org.apache.flink.core.io.Versioned;X;
org.apache.flink.core.io.VersionedIOReadableWritable;X;
org.apache.flink.core.memory.ByteArrayInputStreamWithPos;X;
org.apache.flink.core.memory.ByteArrayOutputStreamWithPos;X;
org.apache.flink.core.memory.DataInputDeserializer;X;
org.apache.flink.core.memory.DataInputView;X;
org.apache.flink.core.memory.DataInputViewStreamWrapper;X;
org.apache.flink.core.memory.DataOutputSerializer;X;
org.apache.flink.core.memory.DataOutputView;X;
org.apache.flink.core.memory.DataOutputViewStreamWrapper;X;
org.apache.flink.core.memory.HeapMemorySegment;X;
org.apache.flink.core.memory.HeapMemorySegment$HeapMemorySegmentFactory;X;
org.apache.flink.core.memory.HybridMemorySegment;X;
org.apache.flink.core.memory.MemorySegment;X;
org.apache.flink.core.memory.MemorySegmentFactory;X;
org.apache.flink.core.memory.MemorySegmentProvider;X;
org.apache.flink.core.memory.MemorySegmentSource;X;
org.apache.flink.core.memory.MemorySegmentWritable;X;
org.apache.flink.core.memory.MemoryUtils;X;
org.apache.flink.core.memory.SeekableDataInputView;X;
org.apache.flink.core.memory.SeekableDataOutputView;X;
org.apache.flink.core.plugin.DirectoryBasedPluginFinder;X;
org.apache.flink.core.plugin.Plugin;X;
org.apache.flink.core.plugin.PluginConfig;X;
org.apache.flink.core.plugin.PluginDescriptor;X;
org.apache.flink.core.plugin.PluginFinder;X;
org.apache.flink.core.plugin.PluginLoader;X;
org.apache.flink.core.plugin.PluginLoader$ContextClassLoaderSettingIterator;X;
org.apache.flink.core.plugin.PluginManager;X;
org.apache.flink.core.plugin.PluginUtils;X;
org.apache.flink.core.plugin.TemporaryClassLoaderContext;X;
org.apache.flink.types.BooleanValue;X;
org.apache.flink.types.ByteValue;X;
org.apache.flink.types.CharValue;X;
org.apache.flink.types.CopyableValue;X;
org.apache.flink.types.DeserializationException;X;
org.apache.flink.types.DoubleValue;X;
org.apache.flink.types.Either;X;
org.apache.flink.types.Either$Left;X;
org.apache.flink.types.Either$Right;X;
org.apache.flink.types.FloatValue;X;
org.apache.flink.types.IntValue;X;
org.apache.flink.types.JavaToValueConverter;X;
org.apache.flink.types.Key;X;
org.apache.flink.types.KeyFieldOutOfBoundsException;X;
org.apache.flink.types.ListValue;X;
org.apache.flink.types.LongValue;X;
org.apache.flink.types.MapValue;X;
org.apache.flink.types.NormalizableKey;X;
org.apache.flink.types.Nothing;X;
org.apache.flink.types.NullFieldException;X;
org.apache.flink.types.NullKeyFieldException;X;
org.apache.flink.types.NullValue;X;
org.apache.flink.types.Record;X;
org.apache.flink.types.Record$InternalDeSerializer;X;
org.apache.flink.types.ResettableValue;X;
org.apache.flink.types.Row;X;
org.apache.flink.types.SerializableOptional;X;
org.apache.flink.types.ShortValue;X;
org.apache.flink.types.StringValue;X;
org.apache.flink.types.Value;X;
org.apache.flink.types.parser.BigDecParser;X;
org.apache.flink.types.parser.BigIntParser;X;
org.apache.flink.types.parser.BooleanParser;X;
org.apache.flink.types.parser.BooleanValueParser;X;
org.apache.flink.types.parser.ByteParser;X;
org.apache.flink.types.parser.ByteValueParser;X;
org.apache.flink.types.parser.DoubleParser;X;
org.apache.flink.types.parser.DoubleValueParser;X;
org.apache.flink.types.parser.FieldParser;X;
org.apache.flink.types.parser.FloatParser;X;
org.apache.flink.types.parser.FloatValueParser;X;
org.apache.flink.types.parser.IntParser;X;
org.apache.flink.types.parser.IntValueParser;X;
org.apache.flink.types.parser.LongParser;X;
org.apache.flink.types.parser.LongValueParser;X;
org.apache.flink.types.parser.ShortParser;X;
org.apache.flink.types.parser.ShortValueParser;X;
org.apache.flink.types.parser.SqlDateParser;X;
org.apache.flink.types.parser.SqlTimeParser;X;
org.apache.flink.types.parser.SqlTimestampParser;X;
org.apache.flink.types.parser.StringParser;X;
org.apache.flink.types.parser.StringValueParser;X;
org.apache.flink.util.AbstractCloseableRegistry;X;
org.apache.flink.util.AbstractID;X;
org.apache.flink.util.ArrayUtils;X;
org.apache.flink.util.AutoCloseableAsync;X;
org.apache.flink.util.ChildFirstClassLoader;X;
org.apache.flink.util.ClassLoaderUtils;X;
org.apache.flink.util.CloseableIterable;X;
org.apache.flink.util.CloseableIterable$Empty;X;
org.apache.flink.util.CloseableIterator;X;
org.apache.flink.util.CloseableIterator$IteratorAdapter;X;
org.apache.flink.util.CollectionUtil;X;
org.apache.flink.util.Collector;X;
org.apache.flink.util.ConfigurationException;X;
org.apache.flink.util.Disposable;X;
org.apache.flink.util.DynamicCodeLoadingException;X;
org.apache.flink.util.ExceptionUtils;X;
org.apache.flink.util.ExecutorUtils;X;
org.apache.flink.util.FileUtils;X;
org.apache.flink.util.FlinkException;X;
org.apache.flink.util.FlinkRuntimeException;X;
org.apache.flink.util.IOUtils;X;
org.apache.flink.util.InstantiationUtil;X;
org.apache.flink.util.InstantiationUtil$ClassLoaderObjectInputStream;X;
org.apache.flink.util.InstantiationUtil$FailureTolerantObjectInputStream;X;
org.apache.flink.util.IterableIterator;X;
org.apache.flink.util.LambdaUtil;X;
org.apache.flink.util.LinkedOptionalMap;X;
org.apache.flink.util.LinkedOptionalMap$ConsumerWithException;X;
org.apache.flink.util.LinkedOptionalMap$KeyValue;X;
org.apache.flink.util.LinkedOptionalMap$MergeResult;X;
org.apache.flink.util.LinkedOptionalMapSerializer;X;
org.apache.flink.util.LongValueSequenceIterator;X;
org.apache.flink.util.MathUtils;X;
org.apache.flink.util.MutableObjectIterator;X;
org.apache.flink.util.NetUtils;X;
org.apache.flink.util.NetUtils$SocketFactory;X;
org.apache.flink.util.NumberSequenceIterator;X;
org.apache.flink.util.OptionalConsumer;X;
org.apache.flink.util.OptionalFailure;X;
org.apache.flink.util.OutputTag;X;
org.apache.flink.util.Preconditions;X;
org.apache.flink.util.PropertiesUtil;X;
org.apache.flink.util.ReflectionUtil;X;
org.apache.flink.util.ReflectionUtil$FullTypeInfo;X;
org.apache.flink.util.ResourceGuard;X;
org.apache.flink.util.ResourceGuard$Lease;X;
org.apache.flink.util.SerializableObject;X;
org.apache.flink.util.SerializedThrowable;X;
org.apache.flink.util.SerializedValue;X;
org.apache.flink.util.ShutdownHookUtil;X;
org.apache.flink.util.SplittableIterator;X;
org.apache.flink.util.StateMigrationException;X;
org.apache.flink.util.StringBasedID;X;
org.apache.flink.util.StringUtils;X;
org.apache.flink.util.StringValueUtils;X;
org.apache.flink.util.StringValueUtils$WhitespaceTokenizer;X;
org.apache.flink.util.TimeUtils;X;
org.apache.flink.util.TraversableOnceException;X;
org.apache.flink.util.UnionIterator;X;
org.apache.flink.util.Visitable;X;
org.apache.flink.util.Visitor;X;
org.apache.flink.util.WrappingProxy;X;
org.apache.flink.util.WrappingProxyUtil;X;
org.apache.flink.util.WrappingRuntimeException;X;
org.apache.flink.util.XORShiftRandom;X;
org.apache.flink.util.concurrent.FutureConsumerWithException;X;
org.apache.flink.util.concurrent.NeverCompleteFuture;X;
org.apache.flink.util.function.BiConsumerWithException;X;
org.apache.flink.util.function.BiFunctionWithException;X;
org.apache.flink.util.function.CheckedSupplier;X;
org.apache.flink.util.function.FunctionUtils;X;
org.apache.flink.util.function.FunctionWithException;X;
org.apache.flink.util.function.RunnableWithException;X;
org.apache.flink.util.function.SupplierWithException;X;
org.apache.flink.util.function.ThrowingConsumer;X;
org.apache.flink.util.function.ThrowingRunnable;X;
org.apache.flink.util.function.TriConsumer;X;
org.apache.flink.util.function.TriFunction;X;
